KEY,FREQ,REF_AREA,ADJUSTMENT,EWT_INDICATOR,EWT_CONCEPT,ACTIVITY,COMPILING_ORG,TRANSFORMATION,TIME_PERIOD,OBS_VALUE,OBS_STATUS,OBS_CONF,OBS_PRE_BREAK,OBS_COM,TIME_FORMAT,COLLECTION,DISS_ORG,DECIMALS,TITLE,TITLE_COMPL,UNIT,UNIT_MULT
EWT.M.U2.N.WT.INWS._T.4F0.GY,M,U2,N,WT,INWS,_T,4F0,GY,2013-01,1.88924369266119,A,F,,,P1M,A,,14,ECB wage tracker,"Euro area, non-seasonally adjusted, wage tracker, including one-off payments, total economy, compiled by the ECB, annual rates of change",PT,0
EWT.M.U2.N.WT.INWS._T.4F0.GY,M,U2,N,WT,INWS,_T,4F0,GY,2013-02,1.88377746271964,A,F,,,P1M,A,,14,ECB wage tracker,"Euro area, non-seasonally adjusted, wage tracker, including one-off payments, total economy, compiled by the ECB, annual rates of change",PT,0
EWT.M.U2.N.WT.INWS._T.4F0.GY,M,U2,N,WT,INWS,_T,4F0,GY,2013-03,1.74564352978891,A,F,,,P1M,A,,14,ECB wage tracker,"Euro area, non-seasonally adjusted, wage tracker, including one-off payments, total economy, compiled by the ECB, annual rates of change",PT,0
EWT.M.U2.N.WT.INWS._T.4F0.GY,M,U2,N,WT,INWS,_T,4F0,GY,2013-04,1.7747741194563,A,F,,,P1M,A,,14,ECB wage tracker,"Euro area, non-seasonally adjusted, wage tracker, including one-off payments, total economy, compiled by the ECB, annual rates of change",PT,0
EWT.M.U2.N.WT.INWS._T.4F0.GY,M,U2,N,WT,INWS,_T,4F0,GY,2013-05,1.59205515833859,A,F,,,P1M,A,,14,ECB wage tracker,"Euro area, non-seasonally adjusted, wage tracker, including one-off payments, total economy, compiled by the ECB, annual rates of change",PT,0
EWT.M.U2.N.WT.INWS._T.4F0.GY,M,U2,N,WT,INWS,_T,4F0,GY,2013-06,1.44520306425479,A,F,,,P1M,A,,14,ECB wage tracker,"Euro area, non-seasonally adjusted, wage tracker, including one-off payments, total economy, compiled by the ECB, annual rates of change",PT,0
EWT.M.U2.N.WT.INWS._T.4F0.GY,M,U2,N,WT,INWS,_T,4F0,GY,2013-07,1.82646572620818,A,F,,,P1M,A,,14,ECB wage tracker,"Euro area, non-seasonally adjusted, wage tracker, including one-off payments, total economy, compiled by the ECB, annual rates of change",PT,0
EWT.M.U2.N.WT.INWS._T.4F0.GY,M,U2,N,WT,INWS,_T,4F0,GY,2013-08,1.86743014188431,A,F,,,P1M,A,,14,ECB wage tracker,"Euro area, non-seasonally adjusted, wage tracker, including one-off payments, total economy, compiled by the ECB, annual rates of change",PT,0
EWT.M.U2.N.WT.INWS._T.4F0.GY,M,U2,N,WT,INWS,_T,4F0,GY,2013-09,1.85240252364673,A,F,,,P1M,A,,14,ECB wage tracker,"Euro area, non-seasonally adjusted, wage tracker, including one-off payments, total economy, compiled by the ECB, annual rates of change",PT,0
EWT.M.U2.N.WT.INWS._T.4F0.GY,M,U2,N,WT,INWS,_T,4F0,GY,2013-10,1.81255447069013,A,F,,,P1M,A,,14,ECB wage tracker,"Euro area, non-seasonally adjusted, wage tracker, including one-off payments, total economy, compiled by the ECB, annual rates of change",PT,0
EWT.M.U2.N.WT.INWS._T.4F0.GY,M,U2,N,WT,INWS,_T,4F0,GY,2013-11,1.7794329308015,A,F,,,P1M,A,,14,ECB wage tracker,"Euro area, non-seasonally adjusted, wage tracker, including one-off payments, total economy, compiled by the ECB, annual rates of change",PT,0
EWT.M.U2.N.WT.INWS._T.4F0.GY,M,U2,N,WT,INWS,_T,4F0,GY,2013-12,1.78036728503236,A,F,,,P1M,A,,14,ECB wage tracker,"Euro area, non-seasonally adjusted, wage tracker, including one-off payments, total economy, compiled by the ECB, annual rates of change",PT,0
EWT.M.U2.N.WT.INWS._T.4F0.GY,M,U2,N,WT,INWS,_T,4F0,GY,2014-01,1.80559931855873,A,F,,,P1M,A,,14,ECB wage tracker,"Euro area, non-seasonally adjusted, wage tracker, including one-off payments, total economy, compiled by the ECB, annual rates of change",PT,0
EWT.M.U2.N.WT.INWS._T.4F0.GY,M,U2,N,WT,INWS,_T,4F0,GY,2014-02,1.80974813707104,A,F,,,P1M,A,,14,ECB wage tracker,"Euro area, non-seasonally adjusted, wage tracker, including one-off payments, total economy, compiled by the ECB, annual rates of change",PT,0
EWT.M.U2.N.WT.INWS._T.4F0.GY,M,U2,N,WT,INWS,_T,4F0,GY,2014-03,1.96315320437495,A,F,,,P1M,A,,14,ECB wage tracker,"Euro area, non-seasonally adjusted, wage tracker, including one-off payments, total economy, compiled by the ECB, annual rates of change",PT,0
EWT.M.U2.N.WT.INWS._T.4F0.GY,M,U2,N,WT,INWS,_T,4F0,GY,2014-04,2.00728356352016,A,F,,,P1M,A,,14,ECB wage tracker,"Euro area, non-seasonally adjusted, wage tracker, including one-off payments, total economy, compiled by the ECB, annual rates of change",PT,0
EWT.M.U2.N.WT.INWS._T.4F0.GY,M,U2,N,WT,INWS,_T,4F0,GY,2014-05,2.14495748494219,A,F,,,P1M,A,,14,ECB wage tracker,"Euro area, non-seasonally adjusted, wage tracker, including one-off payments, total economy, compiled by the ECB, annual rates of change",PT,0
EWT.M.U2.N.WT.INWS._T.4F0.GY,M,U2,N,WT,INWS,_T,4F0,GY,2014-06,2.15773694466109,A,F,,,P1M,A,,14,ECB wage tracker,"Euro area, non-seasonally adjusted, wage tracker, including one-off payments, total economy, compiled by the ECB, annual rates of change",PT,0
EWT.M.U2.N.WT.INWS._T.4F0.GY,M,U2,N,WT,INWS,_T,4F0,GY,2014-07,1.74446625992979,A,F,,,P1M,A,,14,ECB wage tracker,"Euro area, non-seasonally adjusted, wage tracker, including one-off payments, total economy, compiled by the ECB, annual rates of change",PT,0
EWT.M.U2.N.WT.INWS._T.4F0.GY,M,U2,N,WT,INWS,_T,4F0,GY,2014-08,1.69801049301836,A,F,,,P1M,A,,14,ECB wage tracker,"Euro area, non-seasonally adjusted, wage tracker, including one-off payments, total economy, compiled by the ECB, annual rates of change",PT,0
EWT.M.U2.N.WT.INWS._T.4F0.GY,M,U2,N,WT,INWS,_T,4F0,GY,2014-09,1.70096970595983,A,F,,,P1M,A,,14,ECB wage tracker,"Euro area, non-seasonally adjusted, wage tracker, including one-off payments, total economy, compiled by the ECB, annual rates of change",PT,0
EWT.M.U2.N.WT.INWS._T.4F0.GY,M,U2,N,WT,INWS,_T,4F0,GY,2014-10,1.73193996252055,A,F,,,P1M,A,,14,ECB wage tracker,"Euro area, non-seasonally adjusted, wage tracker, including one-off payments, total economy, compiled by the ECB, annual rates of change",PT,0
EWT.M.U2.N.WT.INWS._T.4F0.GY,M,U2,N,WT,INWS,_T,4F0,GY,2014-11,1.73365297624291,A,F,,,P1M,A,,14,ECB wage tracker,"Euro area, non-seasonally adjusted, wage tracker, including one-off payments, total economy, compiled by the ECB, annual rates of change",PT,0
EWT.M.U2.N.WT.INWS._T.4F0.GY,M,U2,N,WT,INWS,_T,4F0,GY,2014-12,1.73215633608639,A,F,,,P1M,A,,14,ECB wage tracker,"Euro area, non-seasonally adjusted, wage tracker, including one-off payments, total economy, compiled by the ECB, annual rates of change",PT,0
EWT.M.U2.N.WT.INWS._T.4F0.GY,M,U2,N,WT,INWS,_T,4F0,GY,2015-01,1.34264656669041,A,F,,,P1M,A,,14,ECB wage tracker,"Euro area, non-seasonally adjusted, wage tracker, including one-off payments, total economy, compiled by the ECB, annual rates of change",PT,0
EWT.M.U2.N.WT.INWS._T.4F0.GY,M,U2,N,WT,INWS,_T,4F0,GY,2015-02,1.33225594147973,A,F,,,P1M,A,,14,ECB wage tracker,"Euro area, non-seasonally adjusted, wage tracker, including one-off payments, total economy, compiled by the ECB, annual rates of change",PT,0
EWT.M.U2.N.WT.INWS._T.4F0.GY,M,U2,N,WT,INWS,_T,4F0,GY,2015-03,1.40815359543438,A,F,,,P1M,A,,14,ECB wage tracker,"Euro area, non-seasonally adjusted, wage tracker, including one-off payments, total economy, compiled by the ECB, annual rates of change",PT,0
EWT.M.U2.N.WT.INWS._T.4F0.GY,M,U2,N,WT,INWS,_T,4F0,GY,2015-04,1.55407805460086,A,F,,,P1M,A,,14,ECB wage tracker,"Euro area, non-seasonally adjusted, wage tracker, including one-off payments, total economy, compiled by the ECB, annual rates of change",PT,0
EWT.M.U2.N.WT.INWS._T.4F0.GY,M,U2,N,WT,INWS,_T,4F0,GY,2015-05,1.38420949881848,A,F,,,P1M,A,,14,ECB wage tracker,"Euro area, non-seasonally adjusted, wage tracker, including one-off payments, total economy, compiled by the ECB, annual rates of change",PT,0
EWT.M.U2.N.WT.INWS._T.4F0.GY,M,U2,N,WT,INWS,_T,4F0,GY,2015-06,1.40590325772171,A,F,,,P1M,A,,14,ECB wage tracker,"Euro area, non-seasonally adjusted, wage tracker, including one-off payments, total economy, compiled by the ECB, annual rates of change",PT,0
EWT.M.U2.N.WT.INWS._T.4F0.GY,M,U2,N,WT,INWS,_T,4F0,GY,2015-07,1.59243733325557,A,F,,,P1M,A,,14,ECB wage tracker,"Euro area, non-seasonally adjusted, wage tracker, including one-off payments, total economy, compiled by the ECB, annual rates of change",PT,0
EWT.M.U2.N.WT.INWS._T.4F0.GY,M,U2,N,WT,INWS,_T,4F0,GY,2015-08,1.54936132122283,A,F,,,P1M,A,,14,ECB wage tracker,"Euro area, non-seasonally adjusted, wage tracker, including one-off payments, total economy, compiled by the ECB, annual rates of change",PT,0
EWT.M.U2.N.WT.INWS._T.4F0.GY,M,U2,N,WT,INWS,_T,4F0,GY,2015-09,1.56998286606848,A,F,,,P1M,A,,14,ECB wage tracker,"Euro area, non-seasonally adjusted, wage tracker, including one-off payments, total economy, compiled by the ECB, annual rates of change",PT,0
EWT.M.U2.N.WT.INWS._T.4F0.GY,M,U2,N,WT,INWS,_T,4F0,GY,2015-10,1.52136780815006,A,F,,,P1M,A,,14,ECB wage tracker,"Euro area, non-seasonally adjusted, wage tracker, including one-off payments, total economy, compiled by the ECB, annual rates of change",PT,0
EWT.M.U2.N.WT.INWS._T.4F0.GY,M,U2,N,WT,INWS,_T,4F0,GY,2015-11,1.54727654132282,A,F,,,P1M,A,,14,ECB wage tracker,"Euro area, non-seasonally adjusted, wage tracker, including one-off payments, total economy, compiled by the ECB, annual rates of change",PT,0
EWT.M.U2.N.WT.INWS._T.4F0.GY,M,U2,N,WT,INWS,_T,4F0,GY,2015-12,1.54342722373717,A,F,,,P1M,A,,14,ECB wage tracker,"Euro area, non-seasonally adjusted, wage tracker, including one-off payments, total economy, compiled by the ECB, annual rates of change",PT,0
EWT.M.U2.N.WT.INWS._T.4F0.GY,M,U2,N,WT,INWS,_T,4F0,GY,2016-01,1.4954442176578,A,F,,,P1M,A,,14,ECB wage tracker,"Euro area, non-seasonally adjusted, wage tracker, including one-off payments, total economy, compiled by the ECB, annual rates of change",PT,0
EWT.M.U2.N.WT.INWS._T.4F0.GY,M,U2,N,WT,INWS,_T,4F0,GY,2016-02,1.47050590944342,A,F,,,P1M,A,,14,ECB wage tracker,"Euro area, non-seasonally adjusted, wage tracker, including one-off payments, total economy, compiled by the ECB, annual rates of change",PT,0
EWT.M.U2.N.WT.INWS._T.4F0.GY,M,U2,N,WT,INWS,_T,4F0,GY,2016-03,1.42214614068896,A,F,,,P1M,A,,14,ECB wage tracker,"Euro area, non-seasonally adjusted, wage tracker, including one-off payments, total economy, compiled by the ECB, annual rates of change",PT,0
EWT.M.U2.N.WT.INWS._T.4F0.GY,M,U2,N,WT,INWS,_T,4F0,GY,2016-04,1.2943370023123,A,F,,,P1M,A,,14,ECB wage tracker,"Euro area, non-seasonally adjusted, wage tracker, including one-off payments, total economy, compiled by the ECB, annual rates of change",PT,0
EWT.M.U2.N.WT.INWS._T.4F0.GY,M,U2,N,WT,INWS,_T,4F0,GY,2016-05,1.38887102815782,A,F,,,P1M,A,,14,ECB wage tracker,"Euro area, non-seasonally adjusted, wage tracker, including one-off payments, total economy, compiled by the ECB, annual rates of change",PT,0
EWT.M.U2.N.WT.INWS._T.4F0.GY,M,U2,N,WT,INWS,_T,4F0,GY,2016-06,1.40835438576015,A,F,,,P1M,A,,14,ECB wage tracker,"Euro area, non-seasonally adjusted, wage tracker, including one-off payments, total economy, compiled by the ECB, annual rates of change",PT,0
EWT.M.U2.N.WT.INWS._T.4F0.GY,M,U2,N,WT,INWS,_T,4F0,GY,2016-07,1.35556626009121,A,F,,,P1M,A,,14,ECB wage tracker,"Euro area, non-seasonally adjusted, wage tracker, including one-off payments, total economy, compiled by the ECB, annual rates of change",PT,0
EWT.M.U2.N.WT.INWS._T.4F0.GY,M,U2,N,WT,INWS,_T,4F0,GY,2016-08,1.35580492071907,A,F,,,P1M,A,,14,ECB wage tracker,"Euro area, non-seasonally adjusted, wage tracker, including one-off payments, total economy, compiled by the ECB, annual rates of change",PT,0
EWT.M.U2.N.WT.INWS._T.4F0.GY,M,U2,N,WT,INWS,_T,4F0,GY,2016-09,1.35617346005935,A,F,,,P1M,A,,14,ECB wage tracker,"Euro area, non-seasonally adjusted, wage tracker, including one-off payments, total economy, compiled by the ECB, annual rates of change",PT,0
EWT.M.U2.N.WT.INWS._T.4F0.GY,M,U2,N,WT,INWS,_T,4F0,GY,2016-10,1.37208720171773,A,F,,,P1M,A,,14,ECB wage tracker,"Euro area, non-seasonally adjusted, wage tracker, including one-off payments, total economy, compiled by the ECB, annual rates of change",PT,0
EWT.M.U2.N.WT.INWS._T.4F0.GY,M,U2,N,WT,INWS,_T,4F0,GY,2016-11,1.35237637092207,A,F,,,P1M,A,,14,ECB wage tracker,"Euro area, non-seasonally adjusted, wage tracker, including one-off payments, total economy, compiled by the ECB, annual rates of change",PT,0
EWT.M.U2.N.WT.INWS._T.4F0.GY,M,U2,N,WT,INWS,_T,4F0,GY,2016-12,1.34366520720799,A,F,,,P1M,A,,14,ECB wage tracker,"Euro area, non-seasonally adjusted, wage tracker, including one-off payments, total economy, compiled by the ECB, annual rates of change",PT,0
EWT.M.U2.N.WT.INWS._T.4F0.GY,M,U2,N,WT,INWS,_T,4F0,GY,2017-01,1.47708608477844,A,F,,,P1M,A,,14,ECB wage tracker,"Euro area, non-seasonally adjusted, wage tracker, including one-off payments, total economy, compiled by the ECB, annual rates of change",PT,0
EWT.M.U2.N.WT.INWS._T.4F0.GY,M,U2,N,WT,INWS,_T,4F0,GY,2017-02,1.57839132972687,A,F,,,P1M,A,,14,ECB wage tracker,"Euro area, non-seasonally adjusted, wage tracker, including one-off payments, total economy, compiled by the ECB, annual rates of change",PT,0
EWT.M.U2.N.WT.INWS._T.4F0.GY,M,U2,N,WT,INWS,_T,4F0,GY,2017-03,1.4380380224308,A,F,,,P1M,A,,14,ECB wage tracker,"Euro area, non-seasonally adjusted, wage tracker, including one-off payments, total economy, compiled by the ECB, annual rates of change",PT,0
EWT.M.U2.N.WT.INWS._T.4F0.GY,M,U2,N,WT,INWS,_T,4F0,GY,2017-04,1.46006075652978,A,F,,,P1M,A,,14,ECB wage tracker,"Euro area, non-seasonally adjusted, wage tracker, including one-off payments, total economy, compiled by the ECB, annual rates of change",PT,0
EWT.M.U2.N.WT.INWS._T.4F0.GY,M,U2,N,WT,INWS,_T,4F0,GY,2017-05,1.36510069310532,A,F,,,P1M,A,,14,ECB wage tracker,"Euro area, non-seasonally adjusted, wage tracker, including one-off payments, total economy, compiled by the ECB, annual rates of change",PT,0
EWT.M.U2.N.WT.INWS._T.4F0.GY,M,U2,N,WT,INWS,_T,4F0,GY,2017-06,1.37901608538969,A,F,,,P1M,A,,14,ECB wage tracker,"Euro area, non-seasonally adjusted, wage tracker, including one-off payments, total economy, compiled by the ECB, annual rates of change",PT,0
EWT.M.U2.N.WT.INWS._T.4F0.GY,M,U2,N,WT,INWS,_T,4F0,GY,2017-07,1.28561397895154,A,F,,,P1M,A,,14,ECB wage tracker,"Euro area, non-seasonally adjusted, wage tracker, including one-off payments, total economy, compiled by the ECB, annual rates of change",PT,0
EWT.M.U2.N.WT.INWS._T.4F0.GY,M,U2,N,WT,INWS,_T,4F0,GY,2017-08,1.42514454134039,A,F,,,P1M,A,,14,ECB wage tracker,"Euro area, non-seasonally adjusted, wage tracker, including one-off payments, total economy, compiled by the ECB, annual rates of change",PT,0
EWT.M.U2.N.WT.INWS._T.4F0.GY,M,U2,N,WT,INWS,_T,4F0,GY,2017-09,1.38577536434172,A,F,,,P1M,A,,14,ECB wage tracker,"Euro area, non-seasonally adjusted, wage tracker, including one-off payments, total economy, compiled by the ECB, annual rates of change",PT,0
EWT.M.U2.N.WT.INWS._T.4F0.GY,M,U2,N,WT,INWS,_T,4F0,GY,2017-10,1.38419506683696,A,F,,,P1M,A,,14,ECB wage tracker,"Euro area, non-seasonally adjusted, wage tracker, including one-off payments, total economy, compiled by the ECB, annual rates of change",PT,0
EWT.M.U2.N.WT.INWS._T.4F0.GY,M,U2,N,WT,INWS,_T,4F0,GY,2017-11,1.39464304580997,A,F,,,P1M,A,,14,ECB wage tracker,"Euro area, non-seasonally adjusted, wage tracker, including one-off payments, total economy, compiled by the ECB, annual rates of change",PT,0
EWT.M.U2.N.WT.INWS._T.4F0.GY,M,U2,N,WT,INWS,_T,4F0,GY,2017-12,1.39261084557342,A,F,,,P1M,A,,14,ECB wage tracker,"Euro area, non-seasonally adjusted, wage tracker, including one-off payments, total economy, compiled by the ECB, annual rates of change",PT,0
EWT.M.U2.N.WT.INWS._T.4F0.GY,M,U2,N,WT,INWS,_T,4F0,GY,2018-01,1.51722175274907,A,F,,,P1M,A,,14,ECB wage tracker,"Euro area, non-seasonally adjusted, wage tracker, including one-off payments, total economy, compiled by the ECB, annual rates of change",PT,0
EWT.M.U2.N.WT.INWS._T.4F0.GY,M,U2,N,WT,INWS,_T,4F0,GY,2018-02,1.46997686598446,A,F,,,P1M,A,,14,ECB wage tracker,"Euro area, non-seasonally adjusted, wage tracker, including one-off payments, total economy, compiled by the ECB, annual rates of change",PT,0
EWT.M.U2.N.WT.INWS._T.4F0.GY,M,U2,N,WT,INWS,_T,4F0,GY,2018-03,1.5879604368629,A,F,,,P1M,A,,14,ECB wage tracker,"Euro area, non-seasonally adjusted, wage tracker, including one-off payments, total economy, compiled by the ECB, annual rates of change",PT,0
EWT.M.U2.N.WT.INWS._T.4F0.GY,M,U2,N,WT,INWS,_T,4F0,GY,2018-04,1.87423734497691,A,F,,,P1M,A,,14,ECB wage tracker,"Euro area, non-seasonally adjusted, wage tracker, including one-off payments, total economy, compiled by the ECB, annual rates of change",PT,0
EWT.M.U2.N.WT.INWS._T.4F0.GY,M,U2,N,WT,INWS,_T,4F0,GY,2018-05,2.09306231896751,A,F,,,P1M,A,,14,ECB wage tracker,"Euro area, non-seasonally adjusted, wage tracker, including one-off payments, total economy, compiled by the ECB, annual rates of change",PT,0
EWT.M.U2.N.WT.INWS._T.4F0.GY,M,U2,N,WT,INWS,_T,4F0,GY,2018-06,2.13157043494064,A,F,,,P1M,A,,14,ECB wage tracker,"Euro area, non-seasonally adjusted, wage tracker, including one-off payments, total economy, compiled by the ECB, annual rates of change",PT,0
EWT.M.U2.N.WT.INWS._T.4F0.GY,M,U2,N,WT,INWS,_T,4F0,GY,2018-07,2.12535941871991,A,F,,,P1M,A,,14,ECB wage tracker,"Euro area, non-seasonally adjusted, wage tracker, including one-off payments, total economy, compiled by the ECB, annual rates of change",PT,0
EWT.M.U2.N.WT.INWS._T.4F0.GY,M,U2,N,WT,INWS,_T,4F0,GY,2018-08,2.01061800821267,A,F,,,P1M,A,,14,ECB wage tracker,"Euro area, non-seasonally adjusted, wage tracker, including one-off payments, total economy, compiled by the ECB, annual rates of change",PT,0
EWT.M.U2.N.WT.INWS._T.4F0.GY,M,U2,N,WT,INWS,_T,4F0,GY,2018-09,2.05418014439594,A,F,,,P1M,A,,14,ECB wage tracker,"Euro area, non-seasonally adjusted, wage tracker, including one-off payments, total economy, compiled by the ECB, annual rates of change",PT,0
EWT.M.U2.N.WT.INWS._T.4F0.GY,M,U2,N,WT,INWS,_T,4F0,GY,2018-10,2.13225686415313,A,F,,,P1M,A,,14,ECB wage tracker,"Euro area, non-seasonally adjusted, wage tracker, including one-off payments, total economy, compiled by the ECB, annual rates of change",PT,0
EWT.M.U2.N.WT.INWS._T.4F0.GY,M,U2,N,WT,INWS,_T,4F0,GY,2018-11,2.1434989251828,A,F,,,P1M,A,,14,ECB wage tracker,"Euro area, non-seasonally adjusted, wage tracker, including one-off payments, total economy, compiled by the ECB, annual rates of change",PT,0
EWT.M.U2.N.WT.INWS._T.4F0.GY,M,U2,N,WT,INWS,_T,4F0,GY,2018-12,2.15601482185653,A,F,,,P1M,A,,14,ECB wage tracker,"Euro area, non-seasonally adjusted, wage tracker, including one-off payments, total economy, compiled by the ECB, annual rates of change",PT,0
EWT.M.U2.N.WT.INWS._T.4F0.GY,M,U2,N,WT,INWS,_T,4F0,GY,2019-01,2.30531913272343,A,F,,,P1M,A,,14,ECB wage tracker,"Euro area, non-seasonally adjusted, wage tracker, including one-off payments, total economy, compiled by the ECB, annual rates of change",PT,0
EWT.M.U2.N.WT.INWS._T.4F0.GY,M,U2,N,WT,INWS,_T,4F0,GY,2019-02,2.31369113623087,A,F,,,P1M,A,,14,ECB wage tracker,"Euro area, non-seasonally adjusted, wage tracker, including one-off payments, total economy, compiled by the ECB, annual rates of change",PT,0
EWT.M.U2.N.WT.INWS._T.4F0.GY,M,U2,N,WT,INWS,_T,4F0,GY,2019-03,2.16134563146324,A,F,,,P1M,A,,14,ECB wage tracker,"Euro area, non-seasonally adjusted, wage tracker, including one-off payments, total economy, compiled by the ECB, annual rates of change",PT,0
EWT.M.U2.N.WT.INWS._T.4F0.GY,M,U2,N,WT,INWS,_T,4F0,GY,2019-04,1.99882435774934,A,F,,,P1M,A,,14,ECB wage tracker,"Euro area, non-seasonally adjusted, wage tracker, including one-off payments, total economy, compiled by the ECB, annual rates of change",PT,0
EWT.M.U2.N.WT.INWS._T.4F0.GY,M,U2,N,WT,INWS,_T,4F0,GY,2019-05,1.70228933339804,A,F,,,P1M,A,,14,ECB wage tracker,"Euro area, non-seasonally adjusted, wage tracker, including one-off payments, total economy, compiled by the ECB, annual rates of change",PT,0
EWT.M.U2.N.WT.INWS._T.4F0.GY,M,U2,N,WT,INWS,_T,4F0,GY,2019-06,1.55276339352285,A,F,,,P1M,A,,14,ECB wage tracker,"Euro area, non-seasonally adjusted, wage tracker, including one-off payments, total economy, compiled by the ECB, annual rates of change",PT,0
EWT.M.U2.N.WT.INWS._T.4F0.GY,M,U2,N,WT,INWS,_T,4F0,GY,2019-07,1.94161413073192,A,F,,,P1M,A,,14,ECB wage tracker,"Euro area, non-seasonally adjusted, wage tracker, including one-off payments, total economy, compiled by the ECB, annual rates of change",PT,0
EWT.M.U2.N.WT.INWS._T.4F0.GY,M,U2,N,WT,INWS,_T,4F0,GY,2019-08,1.94127313433498,A,F,,,P1M,A,,14,ECB wage tracker,"Euro area, non-seasonally adjusted, wage tracker, including one-off payments, total economy, compiled by the ECB, annual rates of change",PT,0
EWT.M.U2.N.WT.INWS._T.4F0.GY,M,U2,N,WT,INWS,_T,4F0,GY,2019-09,1.93987000157927,A,F,,,P1M,A,,14,ECB wage tracker,"Euro area, non-seasonally adjusted, wage tracker, including one-off payments, total economy, compiled by the ECB, annual rates of change",PT,0
EWT.M.U2.N.WT.INWS._T.4F0.GY,M,U2,N,WT,INWS,_T,4F0,GY,2019-10,1.91294960307976,A,F,,,P1M,A,,14,ECB wage tracker,"Euro area, non-seasonally adjusted, wage tracker, including one-off payments, total economy, compiled by the ECB, annual rates of change",PT,0
EWT.M.U2.N.WT.INWS._T.4F0.GY,M,U2,N,WT,INWS,_T,4F0,GY,2019-11,1.87587843329881,A,F,,,P1M,A,,14,ECB wage tracker,"Euro area, non-seasonally adjusted, wage tracker, including one-off payments, total economy, compiled by the ECB, annual rates of change",PT,0
EWT.M.U2.N.WT.INWS._T.4F0.GY,M,U2,N,WT,INWS,_T,4F0,GY,2019-12,1.89833934382264,A,F,,,P1M,A,,14,ECB wage tracker,"Euro area, non-seasonally adjusted, wage tracker, including one-off payments, total economy, compiled by the ECB, annual rates of change",PT,0
EWT.M.U2.N.WT.INWS._T.4F0.GY,M,U2,N,WT,INWS,_T,4F0,GY,2020-01,1.83657263489656,A,F,,,P1M,A,,14,ECB wage tracker,"Euro area, non-seasonally adjusted, wage tracker, including one-off payments, total economy, compiled by the ECB, annual rates of change",PT,0
EWT.M.U2.N.WT.INWS._T.4F0.GY,M,U2,N,WT,INWS,_T,4F0,GY,2020-02,1.80061085428307,A,F,,,P1M,A,,14,ECB wage tracker,"Euro area, non-seasonally adjusted, wage tracker, including one-off payments, total economy, compiled by the ECB, annual rates of change",PT,0
EWT.M.U2.N.WT.INWS._T.4F0.GY,M,U2,N,WT,INWS,_T,4F0,GY,2020-03,1.83300665674531,A,F,,,P1M,A,,14,ECB wage tracker,"Euro area, non-seasonally adjusted, wage tracker, including one-off payments, total economy, compiled by the ECB, annual rates of change",PT,0
EWT.M.U2.N.WT.INWS._T.4F0.GY,M,U2,N,WT,INWS,_T,4F0,GY,2020-04,1.64203874120255,A,F,,,P1M,A,,14,ECB wage tracker,"Euro area, non-seasonally adjusted, wage tracker, including one-off payments, total economy, compiled by the ECB, annual rates of change",PT,0
EWT.M.U2.N.WT.INWS._T.4F0.GY,M,U2,N,WT,INWS,_T,4F0,GY,2020-05,1.68029353777274,A,F,,,P1M,A,,14,ECB wage tracker,"Euro area, non-seasonally adjusted, wage tracker, including one-off payments, total economy, compiled by the ECB, annual rates of change",PT,0
EWT.M.U2.N.WT.INWS._T.4F0.GY,M,U2,N,WT,INWS,_T,4F0,GY,2020-06,1.69692233357629,A,F,,,P1M,A,,14,ECB wage tracker,"Euro area, non-seasonally adjusted, wage tracker, including one-off payments, total economy, compiled by the ECB, annual rates of change",PT,0
EWT.M.U2.N.WT.INWS._T.4F0.GY,M,U2,N,WT,INWS,_T,4F0,GY,2020-07,1.32278547042721,A,F,,,P1M,A,,14,ECB wage tracker,"Euro area, non-seasonally adjusted, wage tracker, including one-off payments, total economy, compiled by the ECB, annual rates of change",PT,0
EWT.M.U2.N.WT.INWS._T.4F0.GY,M,U2,N,WT,INWS,_T,4F0,GY,2020-08,1.31266592559907,A,F,,,P1M,A,,14,ECB wage tracker,"Euro area, non-seasonally adjusted, wage tracker, including one-off payments, total economy, compiled by the ECB, annual rates of change",PT,0
EWT.M.U2.N.WT.INWS._T.4F0.GY,M,U2,N,WT,INWS,_T,4F0,GY,2020-09,1.29168497306801,A,F,,,P1M,A,,14,ECB wage tracker,"Euro area, non-seasonally adjusted, wage tracker, including one-off payments, total economy, compiled by the ECB, annual rates of change",PT,0
EWT.M.U2.N.WT.INWS._T.4F0.GY,M,U2,N,WT,INWS,_T,4F0,GY,2020-10,1.23929540980377,A,F,,,P1M,A,,14,ECB wage tracker,"Euro area, non-seasonally adjusted, wage tracker, including one-off payments, total economy, compiled by the ECB, annual rates of change",PT,0
EWT.M.U2.N.WT.INWS._T.4F0.GY,M,U2,N,WT,INWS,_T,4F0,GY,2020-11,1.25957805817059,A,F,,,P1M,A,,14,ECB wage tracker,"Euro area, non-seasonally adjusted, wage tracker, including one-off payments, total economy, compiled by the ECB, annual rates of change",PT,0
EWT.M.U2.N.WT.INWS._T.4F0.GY,M,U2,N,WT,INWS,_T,4F0,GY,2020-12,1.29789215624042,A,F,,,P1M,A,,14,ECB wage tracker,"Euro area, non-seasonally adjusted, wage tracker, including one-off payments, total economy, compiled by the ECB, annual rates of change",PT,0
EWT.M.U2.N.WT.INWS._T.4F0.GY,M,U2,N,WT,INWS,_T,4F0,GY,2021-01,1.13167721421979,A,F,,,P1M,A,,14,ECB wage tracker,"Euro area, non-seasonally adjusted, wage tracker, including one-off payments, total economy, compiled by the ECB, annual rates of change",PT,0
EWT.M.U2.N.WT.INWS._T.4F0.GY,M,U2,N,WT,INWS,_T,4F0,GY,2021-02,1.14016274471312,A,F,,,P1M,A,,14,ECB wage tracker,"Euro area, non-seasonally adjusted, wage tracker, including one-off payments, total economy, compiled by the ECB, annual rates of change",PT,0
EWT.M.U2.N.WT.INWS._T.4F0.GY,M,U2,N,WT,INWS,_T,4F0,GY,2021-03,1.09535742727899,A,F,,,P1M,A,,14,ECB wage tracker,"Euro area, non-seasonally adjusted, wage tracker, including one-off payments, total economy, compiled by the ECB, annual rates of change",PT,0
EWT.M.U2.N.WT.INWS._T.4F0.GY,M,U2,N,WT,INWS,_T,4F0,GY,2021-04,1.21001065254128,A,F,,,P1M,A,,14,ECB wage tracker,"Euro area, non-seasonally adjusted, wage tracker, including one-off payments, total economy, compiled by the ECB, annual rates of change",PT,0
EWT.M.U2.N.WT.INWS._T.4F0.GY,M,U2,N,WT,INWS,_T,4F0,GY,2021-05,1.29780918717885,A,F,,,P1M,A,,14,ECB wage tracker,"Euro area, non-seasonally adjusted, wage tracker, including one-off payments, total economy, compiled by the ECB, annual rates of change",PT,0
EWT.M.U2.N.WT.INWS._T.4F0.GY,M,U2,N,WT,INWS,_T,4F0,GY,2021-06,1.40891567668764,A,F,,,P1M,A,,14,ECB wage tracker,"Euro area, non-seasonally adjusted, wage tracker, including one-off payments, total economy, compiled by the ECB, annual rates of change",PT,0
EWT.M.U2.N.WT.INWS._T.4F0.GY,M,U2,N,WT,INWS,_T,4F0,GY,2021-07,1.30166461125772,A,F,,,P1M,A,,14,ECB wage tracker,"Euro area, non-seasonally adjusted, wage tracker, including one-off payments, total economy, compiled by the ECB, annual rates of change",PT,0
EWT.M.U2.N.WT.INWS._T.4F0.GY,M,U2,N,WT,INWS,_T,4F0,GY,2021-08,1.44342878575777,A,F,,,P1M,A,,14,ECB wage tracker,"Euro area, non-seasonally adjusted, wage tracker, including one-off payments, total economy, compiled by the ECB, annual rates of change",PT,0
EWT.M.U2.N.WT.INWS._T.4F0.GY,M,U2,N,WT,INWS,_T,4F0,GY,2021-09,1.4463042058373,A,F,,,P1M,A,,14,ECB wage tracker,"Euro area, non-seasonally adjusted, wage tracker, including one-off payments, total economy, compiled by the ECB, annual rates of change",PT,0
EWT.M.U2.N.WT.INWS._T.4F0.GY,M,U2,N,WT,INWS,_T,4F0,GY,2021-10,1.57912360750764,A,F,,,P1M,A,,14,ECB wage tracker,"Euro area, non-seasonally adjusted, wage tracker, including one-off payments, total economy, compiled by the ECB, annual rates of change",PT,0
EWT.M.U2.N.WT.INWS._T.4F0.GY,M,U2,N,WT,INWS,_T,4F0,GY,2021-11,1.57762662843313,A,F,,,P1M,A,,14,ECB wage tracker,"Euro area, non-seasonally adjusted, wage tracker, including one-off payments, total economy, compiled by the ECB, annual rates of change",PT,0
EWT.M.U2.N.WT.INWS._T.4F0.GY,M,U2,N,WT,INWS,_T,4F0,GY,2021-12,1.52513919174795,A,F,,,P1M,A,,14,ECB wage tracker,"Euro area, non-seasonally adjusted, wage tracker, including one-off payments, total economy, compiled by the ECB, annual rates of change",PT,0
EWT.M.U2.N.WT.INWS._T.4F0.GY,M,U2,N,WT,INWS,_T,4F0,GY,2022-01,2.17884952875061,A,F,,,P1M,A,,14,ECB wage tracker,"Euro area, non-seasonally adjusted, wage tracker, including one-off payments, total economy, compiled by the ECB, annual rates of change",PT,0
EWT.M.U2.N.WT.INWS._T.4F0.GY,M,U2,N,WT,INWS,_T,4F0,GY,2022-02,2.27677716492566,A,F,,,P1M,A,,14,ECB wage tracker,"Euro area, non-seasonally adjusted, wage tracker, including one-off payments, total economy, compiled by the ECB, annual rates of change",PT,0
EWT.M.U2.N.WT.INWS._T.4F0.GY,M,U2,N,WT,INWS,_T,4F0,GY,2022-03,2.47181245449596,A,F,,,P1M,A,,14,ECB wage tracker,"Euro area, non-seasonally adjusted, wage tracker, including one-off payments, total economy, compiled by the ECB, annual rates of change",PT,0
EWT.M.U2.N.WT.INWS._T.4F0.GY,M,U2,N,WT,INWS,_T,4F0,GY,2022-04,2.96945913374941,A,F,,,P1M,A,,14,ECB wage tracker,"Euro area, non-seasonally adjusted, wage tracker, including one-off payments, total economy, compiled by the ECB, annual rates of change",PT,0
EWT.M.U2.N.WT.INWS._T.4F0.GY,M,U2,N,WT,INWS,_T,4F0,GY,2022-05,3.02193707104924,A,F,,,P1M,A,,14,ECB wage tracker,"Euro area, non-seasonally adjusted, wage tracker, including one-off payments, total economy, compiled by the ECB, annual rates of change",PT,0
EWT.M.U2.N.WT.INWS._T.4F0.GY,M,U2,N,WT,INWS,_T,4F0,GY,2022-06,2.88446092093149,A,F,,,P1M,A,,14,ECB wage tracker,"Euro area, non-seasonally adjusted, wage tracker, including one-off payments, total economy, compiled by the ECB, annual rates of change",PT,0
EWT.M.U2.N.WT.INWS._T.4F0.GY,M,U2,N,WT,INWS,_T,4F0,GY,2022-07,3.2226085343273,A,F,,,P1M,A,,14,ECB wage tracker,"Euro area, non-seasonally adjusted, wage tracker, including one-off payments, total economy, compiled by the ECB, annual rates of change",PT,0
EWT.M.U2.N.WT.INWS._T.4F0.GY,M,U2,N,WT,INWS,_T,4F0,GY,2022-08,3.10759659759357,A,F,,,P1M,A,,14,ECB wage tracker,"Euro area, non-seasonally adjusted, wage tracker, including one-off payments, total economy, compiled by the ECB, annual rates of change",PT,0
EWT.M.U2.N.WT.INWS._T.4F0.GY,M,U2,N,WT,INWS,_T,4F0,GY,2022-09,3.10144477099425,A,F,,,P1M,A,,14,ECB wage tracker,"Euro area, non-seasonally adjusted, wage tracker, including one-off payments, total economy, compiled by the ECB, annual rates of change",PT,0
EWT.M.U2.N.WT.INWS._T.4F0.GY,M,U2,N,WT,INWS,_T,4F0,GY,2022-10,3.3300041550083,A,F,,,P1M,A,,14,ECB wage tracker,"Euro area, non-seasonally adjusted, wage tracker, including one-off payments, total economy, compiled by the ECB, annual rates of change",PT,0
EWT.M.U2.N.WT.INWS._T.4F0.GY,M,U2,N,WT,INWS,_T,4F0,GY,2022-11,3.4737220020014,A,F,,,P1M,A,,14,ECB wage tracker,"Euro area, non-seasonally adjusted, wage tracker, including one-off payments, total economy, compiled by the ECB, annual rates of change",PT,0
EWT.M.U2.N.WT.INWS._T.4F0.GY,M,U2,N,WT,INWS,_T,4F0,GY,2022-12,3.74616646851237,A,F,,,P1M,A,,14,ECB wage tracker,"Euro area, non-seasonally adjusted, wage tracker, including one-off payments, total economy, compiled by the ECB, annual rates of change",PT,0
EWT.M.U2.N.WT.INWS._T.4F0.GY,M,U2,N,WT,INWS,_T,4F0,GY,2023-01,4.30029329603976,A,F,,,P1M,A,,14,ECB wage tracker,"Euro area, non-seasonally adjusted, wage tracker, including one-off payments, total economy, compiled by the ECB, annual rates of change",PT,0
EWT.M.U2.N.WT.INWS._T.4F0.GY,M,U2,N,WT,INWS,_T,4F0,GY,2023-02,4.34241415083646,A,F,,,P1M,A,,14,ECB wage tracker,"Euro area, non-seasonally adjusted, wage tracker, including one-off payments, total economy, compiled by the ECB, annual rates of change",PT,0
EWT.M.U2.N.WT.INWS._T.4F0.GY,M,U2,N,WT,INWS,_T,4F0,GY,2023-03,4.06940399771021,A,F,,,P1M,A,,14,ECB wage tracker,"Euro area, non-seasonally adjusted, wage tracker, including one-off payments, total economy, compiled by the ECB, annual rates of change",PT,0
EWT.M.U2.N.WT.INWS._T.4F0.GY,M,U2,N,WT,INWS,_T,4F0,GY,2023-04,4.00426403005155,A,F,,,P1M,A,,14,ECB wage tracker,"Euro area, non-seasonally adjusted, wage tracker, including one-off payments, total economy, compiled by the ECB, annual rates of change",PT,0
EWT.M.U2.N.WT.INWS._T.4F0.GY,M,U2,N,WT,INWS,_T,4F0,GY,2023-05,3.94803753485119,A,F,,,P1M,A,,14,ECB wage tracker,"Euro area, non-seasonally adjusted, wage tracker, including one-off payments, total economy, compiled by the ECB, annual rates of change",PT,0
EWT.M.U2.N.WT.INWS._T.4F0.GY,M,U2,N,WT,INWS,_T,4F0,GY,2023-06,4.62235918450045,A,F,,,P1M,A,,14,ECB wage tracker,"Euro area, non-seasonally adjusted, wage tracker, including one-off payments, total economy, compiled by the ECB, annual rates of change",PT,0
EWT.M.U2.N.WT.INWS._T.4F0.GY,M,U2,N,WT,INWS,_T,4F0,GY,2023-07,4.63945578400284,A,F,,,P1M,A,,14,ECB wage tracker,"Euro area, non-seasonally adjusted, wage tracker, including one-off payments, total economy, compiled by the ECB, annual rates of change",PT,0
EWT.M.U2.N.WT.INWS._T.4F0.GY,M,U2,N,WT,INWS,_T,4F0,GY,2023-08,4.67313062497723,A,F,,,P1M,A,,14,ECB wage tracker,"Euro area, non-seasonally adjusted, wage tracker, including one-off payments, total economy, compiled by the ECB, annual rates of change",PT,0
EWT.M.U2.N.WT.INWS._T.4F0.GY,M,U2,N,WT,INWS,_T,4F0,GY,2023-09,4.76587174966348,A,F,,,P1M,A,,14,ECB wage tracker,"Euro area, non-seasonally adjusted, wage tracker, including one-off payments, total economy, compiled by the ECB, annual rates of change",PT,0
EWT.M.U2.N.WT.INWS._T.4F0.GY,M,U2,N,WT,INWS,_T,4F0,GY,2023-10,4.64752207177364,A,F,,,P1M,A,,14,ECB wage tracker,"Euro area, non-seasonally adjusted, wage tracker, including one-off payments, total economy, compiled by the ECB, annual rates of change",PT,0
EWT.M.U2.N.WT.INWS._T.4F0.GY,M,U2,N,WT,INWS,_T,4F0,GY,2023-11,4.53956043229002,A,F,,,P1M,A,,14,ECB wage tracker,"Euro area, non-seasonally adjusted, wage tracker, including one-off payments, total economy, compiled by the ECB, annual rates of change",PT,0
EWT.M.U2.N.WT.INWS._T.4F0.GY,M,U2,N,WT,INWS,_T,4F0,GY,2023-12,4.2831692232646,A,F,,,P1M,A,,14,ECB wage tracker,"Euro area, non-seasonally adjusted, wage tracker, including one-off payments, total economy, compiled by the ECB, annual rates of change",PT,0
EWT.M.U2.N.WT.INWS._T.4F0.GY,M,U2,N,WT,INWS,_T,4F0,GY,2024-01,3.77123148345775,A,F,,,P1M,A,,14,ECB wage tracker,"Euro area, non-seasonally adjusted, wage tracker, including one-off payments, total economy, compiled by the ECB, annual rates of change",PT,0
EWT.M.U2.N.WT.INWS._T.4F0.GY,M,U2,N,WT,INWS,_T,4F0,GY,2024-02,3.74432969593074,A,F,,,P1M,A,,14,ECB wage tracker,"Euro area, non-seasonally adjusted, wage tracker, including one-off payments, total economy, compiled by the ECB, annual rates of change",PT,0
EWT.M.U2.N.WT.INWS._T.4F0.GY,M,U2,N,WT,INWS,_T,4F0,GY,2024-03,4.60869763471125,A,F,,,P1M,A,,14,ECB wage tracker,"Euro area, non-seasonally adjusted, wage tracker, including one-off payments, total economy, compiled by the ECB, annual rates of change",PT,0
EWT.M.U2.N.WT.INWS._T.4F0.GY,M,U2,N,WT,INWS,_T,4F0,GY,2024-04,4.32760303019951,A,F,,,P1M,A,,14,ECB wage tracker,"Euro area, non-seasonally adjusted, wage tracker, including one-off payments, total economy, compiled by the ECB, annual rates of change",PT,0
EWT.M.U2.N.WT.INWS._T.4F0.GY,M,U2,N,WT,INWS,_T,4F0,GY,2024-05,4.55147921138713,A,F,,,P1M,A,,14,ECB wage tracker,"Euro area, non-seasonally adjusted, wage tracker, including one-off payments, total economy, compiled by the ECB, annual rates of change",PT,0
EWT.M.U2.N.WT.INWS._T.4F0.GY,M,U2,N,WT,INWS,_T,4F0,GY,2024-06,4.03743639178737,A,F,,,P1M,A,,14,ECB wage tracker,"Euro area, non-seasonally adjusted, wage tracker, including one-off payments, total economy, compiled by the ECB, annual rates of change",PT,0
EWT.M.U2.N.WT.INWS._T.4F0.GY,M,U2,N,WT,INWS,_T,4F0,GY,2024-07,4.69633640056409,A,F,,,P1M,A,,14,ECB wage tracker,"Euro area, non-seasonally adjusted, wage tracker, including one-off payments, total economy, compiled by the ECB, annual rates of change",PT,0
EWT.M.U2.N.WT.INWS._T.4F0.GY,M,U2,N,WT,INWS,_T,4F0,GY,2024-08,5.1827189319182,A,F,,,P1M,A,,14,ECB wage tracker,"Euro area, non-seasonally adjusted, wage tracker, including one-off payments, total economy, compiled by the ECB, annual rates of change",PT,0
EWT.M.U2.N.WT.INWS._T.4F0.GY,M,U2,N,WT,INWS,_T,4F0,GY,2024-09,5.15237619239666,A,F,,,P1M,A,,14,ECB wage tracker,"Euro area, non-seasonally adjusted, wage tracker, including one-off payments, total economy, compiled by the ECB, annual rates of change",PT,0
EWT.M.U2.N.WT.INWS._T.4F0.GY,M,U2,N,WT,INWS,_T,4F0,GY,2024-10,5.04551836134418,A,F,,,P1M,A,,14,ECB wage tracker,"Euro area, non-seasonally adjusted, wage tracker, including one-off payments, total economy, compiled by the ECB, annual rates of change",PT,0
EWT.M.U2.N.WT.INWS._T.4F0.GY,M,U2,N,WT,INWS,_T,4F0,GY,2024-11,5.28198532498622,A,F,,,P1M,A,,14,ECB wage tracker,"Euro area, non-seasonally adjusted, wage tracker, including one-off payments, total economy, compiled by the ECB, annual rates of change",PT,0
EWT.M.U2.N.WT.INWS._T.4F0.GY,M,U2,N,WT,INWS,_T,4F0,GY,2024-12,5.25788147318547,A,F,,,P1M,A,,14,ECB wage tracker,"Euro area, non-seasonally adjusted, wage tracker, including one-off payments, total economy, compiled by the ECB, annual rates of change",PT,0
EWT.M.U2.N.WT.INWS._T.4F0.GY,M,U2,N,WT,INWS,_T,4F0,GY,2025-01,4.92363436936646,P,F,,,P1M,A,,14,ECB wage tracker,"Euro area, non-seasonally adjusted, wage tracker, including one-off payments, total economy, compiled by the ECB, annual rates of change",PT,0
EWT.M.U2.N.WT.INWS._T.4F0.GY,M,U2,N,WT,INWS,_T,4F0,GY,2025-02,5.02887908239349,P,F,,,P1M,A,,14,ECB wage tracker,"Euro area, non-seasonally adjusted, wage tracker, including one-off payments, total economy, compiled by the ECB, annual rates of change",PT,0
EWT.M.U2.N.WT.INWS._T.4F0.GY,M,U2,N,WT,INWS,_T,4F0,GY,2025-03,4.08221162057298,P,F,,,P1M,A,,14,ECB wage tracker,"Euro area, non-seasonally adjusted, wage tracker, including one-off payments, total economy, compiled by the ECB, annual rates of change",PT,0
EWT.M.U2.N.WT.INWS._T.4F0.GY,M,U2,N,WT,INWS,_T,4F0,GY,2025-04,4.20484737452281,P,F,,,P1M,A,,14,ECB wage tracker,"Euro area, non-seasonally adjusted, wage tracker, including one-off payments, total economy, compiled by the ECB, annual rates of change",PT,0
EWT.M.U2.N.WT.INWS._T.4F0.GY,M,U2,N,WT,INWS,_T,4F0,GY,2025-05,3.95827718041632,P,F,,,P1M,A,,14,ECB wage tracker,"Euro area, non-seasonally adjusted, wage tracker, including one-off payments, total economy, compiled by the ECB, annual rates of change",PT,0
EWT.M.U2.N.WT.INWS._T.4F0.GY,M,U2,N,WT,INWS,_T,4F0,GY,2025-06,3.84323263495898,P,F,,,P1M,A,,14,ECB wage tracker,"Euro area, non-seasonally adjusted, wage tracker, including one-off payments, total economy, compiled by the ECB, annual rates of change",PT,0
EWT.M.U2.N.WT.INWS._T.4F0.GY,M,U2,N,WT,INWS,_T,4F0,GY,2025-07,2.7949605973624,P,F,,,P1M,A,,14,ECB wage tracker,"Euro area, non-seasonally adjusted, wage tracker, including one-off payments, total economy, compiled by the ECB, annual rates of change",PT,0
EWT.M.U2.N.WT.INWS._T.4F0.GY,M,U2,N,WT,INWS,_T,4F0,GY,2025-08,2.10641539740449,P,F,,,P1M,A,,14,ECB wage tracker,"Euro area, non-seasonally adjusted, wage tracker, including one-off payments, total economy, compiled by the ECB, annual rates of change",PT,0
EWT.M.U2.N.WT.INWS._T.4F0.GY,M,U2,N,WT,INWS,_T,4F0,GY,2025-09,2.01896916470865,P,F,,,P1M,A,,14,ECB wage tracker,"Euro area, non-seasonally adjusted, wage tracker, including one-off payments, total economy, compiled by the ECB, annual rates of change",PT,0
EWT.M.U2.N.WT.INWS._T.4F0.GY,M,U2,N,WT,INWS,_T,4F0,GY,2025-10,1.92734252846713,P,F,,,P1M,A,,14,ECB wage tracker,"Euro area, non-seasonally adjusted, wage tracker, including one-off payments, total economy, compiled by the ECB, annual rates of change",PT,0
EWT.M.U2.N.WT.INWS._T.4F0.GY,M,U2,N,WT,INWS,_T,4F0,GY,2025-11,1.77470547340266,P,F,,,P1M,A,,14,ECB wage tracker,"Euro area, non-seasonally adjusted, wage tracker, including one-off payments, total economy, compiled by the ECB, annual rates of change",PT,0
EWT.M.U2.N.WT.INWS._T.4F0.GY,M,U2,N,WT,INWS,_T,4F0,GY,2025-12,1.79590611657364,P,F,,,P1M,A,,14,ECB wage tracker,"Euro area, non-seasonally adjusted, wage tracker, including one-off payments, total economy, compiled by the ECB, annual rates of change",PT,0
EWT.M.U2.N.WT.INWS._T.4F0.GY,M,U2,N,WT,INWS,_T,4F0,GY,2026-01,1.90730683452102,E,F,,,P1M,A,,14,ECB wage tracker,"Euro area, non-seasonally adjusted, wage tracker, including one-off payments, total economy, compiled by the ECB, annual rates of change",PT,0
EWT.M.U2.N.WT.INWS._T.4F0.GY,M,U2,N,WT,INWS,_T,4F0,GY,2026-02,1.70323922608212,E,F,,,P1M,A,,14,ECB wage tracker,"Euro area, non-seasonally adjusted, wage tracker, including one-off payments, total economy, compiled by the ECB, annual rates of change",PT,0
EWT.M.U2.N.WT.INWS._T.4F0.GY,M,U2,N,WT,INWS,_T,4F0,GY,2026-03,1.89175042683599,E,F,,,P1M,A,,14,ECB wage tracker,"Euro area, non-seasonally adjusted, wage tracker, including one-off payments, total economy, compiled by the ECB, annual rates of change",PT,0
EWT.M.U2.N.WT.INWS._T.4F0.GY,M,U2,N,WT,INWS,_T,4F0,GY,2026-04,1.87859154138941,E,F,,,P1M,A,,14,ECB wage tracker,"Euro area, non-seasonally adjusted, wage tracker, including one-off payments, total economy, compiled by the ECB, annual rates of change",PT,0
EWT.M.U2.N.WT.INWS._T.4F0.GY,M,U2,N,WT,INWS,_T,4F0,GY,2026-05,2.24443321362732,E,F,,,P1M,A,,14,ECB wage tracker,"Euro area, non-seasonally adjusted, wage tracker, including one-off payments, total economy, compiled by the ECB, annual rates of change",PT,0
EWT.M.U2.N.WT.INWS._T.4F0.GY,M,U2,N,WT,INWS,_T,4F0,GY,2026-06,2.26331531173206,E,F,,,P1M,A,,14,ECB wage tracker,"Euro area, non-seasonally adjusted, wage tracker, including one-off payments, total economy, compiled by the ECB, annual rates of change",PT,0
EWT.M.U2.N.WT.INWS._T.4F0.GY,M,U2,N,WT,INWS,_T,4F0,GY,2026-07,2.53727616796202,E,F,,,P1M,A,,14,ECB wage tracker,"Euro area, non-seasonally adjusted, wage tracker, including one-off payments, total economy, compiled by the ECB, annual rates of change",PT,0
EWT.M.U2.N.WT.INWS._T.4F0.GY,M,U2,N,WT,INWS,_T,4F0,GY,2026-08,2.52067649132839,E,F,,,P1M,A,,14,ECB wage tracker,"Euro area, non-seasonally adjusted, wage tracker, including one-off payments, total economy, compiled by the ECB, annual rates of change",PT,0
EWT.M.U2.N.WT.INWS._T.4F0.GY,M,U2,N,WT,INWS,_T,4F0,GY,2026-09,2.61514238999182,E,F,,,P1M,A,,14,ECB wage tracker,"Euro area, non-seasonally adjusted, wage tracker, including one-off payments, total economy, compiled by the ECB, annual rates of change",PT,0
EWT.M.U2.N.WT.INWS._T.4F0.GY,M,U2,N,WT,INWS,_T,4F0,GY,2026-10,2.64076219436698,E,F,,,P1M,A,,14,ECB wage tracker,"Euro area, non-seasonally adjusted, wage tracker, including one-off payments, total economy, compiled by the ECB, annual rates of change",PT,0
EWT.M.U2.N.WT.INWS._T.4F0.GY,M,U2,N,WT,INWS,_T,4F0,GY,2026-11,2.56933355508239,E,F,,,P1M,A,,14,ECB wage tracker,"Euro area, non-seasonally adjusted, wage tracker, including one-off payments, total economy, compiled by the ECB, annual rates of change",PT,0
EWT.M.U2.N.WT.INWS._T.4F0.GY,M,U2,N,WT,INWS,_T,4F0,GY,2026-12,2.6020872023415,E,F,,,P1M,A,,14,ECB wage tracker,"Euro area, non-seasonally adjusted, wage tracker, including one-off payments, total economy, compiled by the ECB, annual rates of change",PT,0
