KEY,FREQ,REF_AREA,BANK_SELECTION,BLS_ITEM,BLS_COUNT,BLS_COUNT_DETAIL,TIME_HORIZON,EFFECT_DOMAIN,MARKET_ROLE,BLS_AGG_METHOD,TIME_PERIOD,OBS_VALUE,OBS_STATUS,OBS_CONF,OBS_PRE_BREAK,OBS_COM,TIME_FORMAT,COLLECTION,COMPILING_ORG,DISS_ORG,DECIMALS,SOURCE_AGENCY,TITLE,TITLE_COMPL,UNIT,UNIT_MULT
BLS.Q.U2.ALL.GEA.E.Z.B3.ST.S.WFNET,Q,U2,ALL,GEA,E,Z,B3,ST,S,WFNET,2003-Q1,80.91856948839671,A,F,,,P3M,B,,,0,,Credit standards-Impact of general economic activity-Enterprise,Euro area (changing composition) - All banks - Question on Impact of general economic activity - contract counterpart Enterprise - Backward looking three months - domain of Credit standards Loan supply Weighted net percentage (tightened minus eased or reverse) based on the share of each country in the total loan outstanding amounts of the area aggregate,PC,0
BLS.Q.U2.ALL.GEA.E.Z.B3.ST.S.WFNET,Q,U2,ALL,GEA,E,Z,B3,ST,S,WFNET,2003-Q2,70.3138811171791,A,F,,,P3M,B,,,0,,Credit standards-Impact of general economic activity-Enterprise,Euro area (changing composition) - All banks - Question on Impact of general economic activity - contract counterpart Enterprise - Backward looking three months - domain of Credit standards Loan supply Weighted net percentage (tightened minus eased or reverse) based on the share of each country in the total loan outstanding amounts of the area aggregate,PC,0
BLS.Q.U2.ALL.GEA.E.Z.B3.ST.S.WFNET,Q,U2,ALL,GEA,E,Z,B3,ST,S,WFNET,2003-Q3,49.2022631635733,A,F,,,P3M,B,,,0,,Credit standards-Impact of general economic activity-Enterprise,Euro area (changing composition) - All banks - Question on Impact of general economic activity - contract counterpart Enterprise - Backward looking three months - domain of Credit standards Loan supply Weighted net percentage (tightened minus eased or reverse) based on the share of each country in the total loan outstanding amounts of the area aggregate,PC,0
BLS.Q.U2.ALL.GEA.E.Z.B3.ST.S.WFNET,Q,U2,ALL,GEA,E,Z,B3,ST,S,WFNET,2003-Q4,34.335106482872916,A,F,,,P3M,B,,,0,,Credit standards-Impact of general economic activity-Enterprise,Euro area (changing composition) - All banks - Question on Impact of general economic activity - contract counterpart Enterprise - Backward looking three months - domain of Credit standards Loan supply Weighted net percentage (tightened minus eased or reverse) based on the share of each country in the total loan outstanding amounts of the area aggregate,PC,0
BLS.Q.U2.ALL.GEA.E.Z.B3.ST.S.WFNET,Q,U2,ALL,GEA,E,Z,B3,ST,S,WFNET,2004-Q1,2.7490947400746206,A,F,,,P3M,B,,,0,,Credit standards-Impact of general economic activity-Enterprise,Euro area (changing composition) - All banks - Question on Impact of general economic activity - contract counterpart Enterprise - Backward looking three months - domain of Credit standards Loan supply Weighted net percentage (tightened minus eased or reverse) based on the share of each country in the total loan outstanding amounts of the area aggregate,PC,0
BLS.Q.U2.ALL.GEA.E.Z.B3.ST.S.WFNET,Q,U2,ALL,GEA,E,Z,B3,ST,S,WFNET,2004-Q2,11.829010604584594,A,F,,,P3M,B,,,0,,Credit standards-Impact of general economic activity-Enterprise,Euro area (changing composition) - All banks - Question on Impact of general economic activity - contract counterpart Enterprise - Backward looking three months - domain of Credit standards Loan supply Weighted net percentage (tightened minus eased or reverse) based on the share of each country in the total loan outstanding amounts of the area aggregate,PC,0
BLS.Q.U2.ALL.GEA.E.Z.B3.ST.S.WFNET,Q,U2,ALL,GEA,E,Z,B3,ST,S,WFNET,2004-Q3,0.4741125399296594,A,F,,,P3M,B,,,0,,Credit standards-Impact of general economic activity-Enterprise,Euro area (changing composition) - All banks - Question on Impact of general economic activity - contract counterpart Enterprise - Backward looking three months - domain of Credit standards Loan supply Weighted net percentage (tightened minus eased or reverse) based on the share of each country in the total loan outstanding amounts of the area aggregate,PC,0
BLS.Q.U2.ALL.GEA.E.Z.B3.ST.S.WFNET,Q,U2,ALL,GEA,E,Z,B3,ST,S,WFNET,2004-Q4,1.0856905134049557,A,F,,,P3M,B,,,0,,Credit standards-Impact of general economic activity-Enterprise,Euro area (changing composition) - All banks - Question on Impact of general economic activity - contract counterpart Enterprise - Backward looking three months - domain of Credit standards Loan supply Weighted net percentage (tightened minus eased or reverse) based on the share of each country in the total loan outstanding amounts of the area aggregate,PC,0
BLS.Q.U2.ALL.GEA.E.Z.B3.ST.S.WFNET,Q,U2,ALL,GEA,E,Z,B3,ST,S,WFNET,2005-Q1,11.397971087479457,A,F,,,P3M,B,,,0,,Credit standards-Impact of general economic activity-Enterprise,Euro area (changing composition) - All banks - Question on Impact of general economic activity - contract counterpart Enterprise - Backward looking three months - domain of Credit standards Loan supply Weighted net percentage (tightened minus eased or reverse) based on the share of each country in the total loan outstanding amounts of the area aggregate,PC,0
BLS.Q.U2.ALL.GEA.E.Z.B3.ST.S.WFNET,Q,U2,ALL,GEA,E,Z,B3,ST,S,WFNET,2005-Q2,1.832584823612045,A,F,,,P3M,B,,,0,,Credit standards-Impact of general economic activity-Enterprise,Euro area (changing composition) - All banks - Question on Impact of general economic activity - contract counterpart Enterprise - Backward looking three months - domain of Credit standards Loan supply Weighted net percentage (tightened minus eased or reverse) based on the share of each country in the total loan outstanding amounts of the area aggregate,PC,0
BLS.Q.U2.ALL.GEA.E.Z.B3.ST.S.WFNET,Q,U2,ALL,GEA,E,Z,B3,ST,S,WFNET,2005-Q3,9.58581151735417,A,F,,,P3M,B,,,0,,Credit standards-Impact of general economic activity-Enterprise,Euro area (changing composition) - All banks - Question on Impact of general economic activity - contract counterpart Enterprise - Backward looking three months - domain of Credit standards Loan supply Weighted net percentage (tightened minus eased or reverse) based on the share of each country in the total loan outstanding amounts of the area aggregate,PC,0
BLS.Q.U2.ALL.GEA.E.Z.B3.ST.S.WFNET,Q,U2,ALL,GEA,E,Z,B3,ST,S,WFNET,2005-Q4,12.860225247122287,A,F,,,P3M,B,,,0,,Credit standards-Impact of general economic activity-Enterprise,Euro area (changing composition) - All banks - Question on Impact of general economic activity - contract counterpart Enterprise - Backward looking three months - domain of Credit standards Loan supply Weighted net percentage (tightened minus eased or reverse) based on the share of each country in the total loan outstanding amounts of the area aggregate,PC,0
BLS.Q.U2.ALL.GEA.E.Z.B3.ST.S.WFNET,Q,U2,ALL,GEA,E,Z,B3,ST,S,WFNET,2006-Q1,1.2175025068485077,A,F,,,P3M,B,,,0,,Credit standards-Impact of general economic activity-Enterprise,Euro area (changing composition) - All banks - Question on Impact of general economic activity - contract counterpart Enterprise - Backward looking three months - domain of Credit standards Loan supply Weighted net percentage (tightened minus eased or reverse) based on the share of each country in the total loan outstanding amounts of the area aggregate,PC,0
BLS.Q.U2.ALL.GEA.E.Z.B3.ST.S.WFNET,Q,U2,ALL,GEA,E,Z,B3,ST,S,WFNET,2006-Q2,-1.8713775462816762,A,F,,,P3M,B,,,0,,Credit standards-Impact of general economic activity-Enterprise,Euro area (changing composition) - All banks - Question on Impact of general economic activity - contract counterpart Enterprise - Backward looking three months - domain of Credit standards Loan supply Weighted net percentage (tightened minus eased or reverse) based on the share of each country in the total loan outstanding amounts of the area aggregate,PC,0
BLS.Q.U2.ALL.GEA.E.Z.B3.ST.S.WFNET,Q,U2,ALL,GEA,E,Z,B3,ST,S,WFNET,2006-Q3,2.461681352922297,A,F,,,P3M,B,,,0,,Credit standards-Impact of general economic activity-Enterprise,Euro area (changing composition) - All banks - Question on Impact of general economic activity - contract counterpart Enterprise - Backward looking three months - domain of Credit standards Loan supply Weighted net percentage (tightened minus eased or reverse) based on the share of each country in the total loan outstanding amounts of the area aggregate,PC,0
BLS.Q.U2.ALL.GEA.E.Z.B3.ST.S.WFNET,Q,U2,ALL,GEA,E,Z,B3,ST,S,WFNET,2006-Q4,-0.7104026488798155,A,F,,,P3M,B,,,0,,Credit standards-Impact of general economic activity-Enterprise,Euro area (changing composition) - All banks - Question on Impact of general economic activity - contract counterpart Enterprise - Backward looking three months - domain of Credit standards Loan supply Weighted net percentage (tightened minus eased or reverse) based on the share of each country in the total loan outstanding amounts of the area aggregate,PC,0
BLS.Q.U2.ALL.GEA.E.Z.B3.ST.S.WFNET,Q,U2,ALL,GEA,E,Z,B3,ST,S,WFNET,2007-Q1,-2.375322738587041,A,F,,,P3M,B,,,0,,Credit standards-Impact of general economic activity-Enterprise,Euro area (changing composition) - All banks - Question on Impact of general economic activity - contract counterpart Enterprise - Backward looking three months - domain of Credit standards Loan supply Weighted net percentage (tightened minus eased or reverse) based on the share of each country in the total loan outstanding amounts of the area aggregate,PC,0
BLS.Q.U2.ALL.GEA.E.Z.B3.ST.S.WFNET,Q,U2,ALL,GEA,E,Z,B3,ST,S,WFNET,2007-Q2,-5.333019690756978,A,F,,,P3M,B,,,0,,Credit standards-Impact of general economic activity-Enterprise,Euro area (changing composition) - All banks - Question on Impact of general economic activity - contract counterpart Enterprise - Backward looking three months - domain of Credit standards Loan supply Weighted net percentage (tightened minus eased or reverse) based on the share of each country in the total loan outstanding amounts of the area aggregate,PC,0
BLS.Q.U2.ALL.GEA.E.Z.B3.ST.S.WFNET,Q,U2,ALL,GEA,E,Z,B3,ST,S,WFNET,2007-Q3,-11.079106681880818,A,F,,,P3M,B,,,0,,Credit standards-Impact of general economic activity-Enterprise,Euro area (changing composition) - All banks - Question on Impact of general economic activity - contract counterpart Enterprise - Backward looking three months - domain of Credit standards Loan supply Weighted net percentage (tightened minus eased or reverse) based on the share of each country in the total loan outstanding amounts of the area aggregate,PC,0
BLS.Q.U2.ALL.GEA.E.Z.B3.ST.S.WFNET,Q,U2,ALL,GEA,E,Z,B3,ST,S,WFNET,2007-Q4,22.844829794566703,A,F,,,P3M,B,,,0,,Credit standards-Impact of general economic activity-Enterprise,Euro area (changing composition) - All banks - Question on Impact of general economic activity - contract counterpart Enterprise - Backward looking three months - domain of Credit standards Loan supply Weighted net percentage (tightened minus eased or reverse) based on the share of each country in the total loan outstanding amounts of the area aggregate,PC,0
BLS.Q.U2.ALL.GEA.E.Z.B3.ST.S.WFNET,Q,U2,ALL,GEA,E,Z,B3,ST,S,WFNET,2008-Q1,36.173420721087965,A,F,,,P3M,B,,,0,,Credit standards-Impact of general economic activity-Enterprise,Euro area (changing composition) - All banks - Question on Impact of general economic activity - contract counterpart Enterprise - Backward looking three months - domain of Credit standards Loan supply Weighted net percentage (tightened minus eased or reverse) based on the share of each country in the total loan outstanding amounts of the area aggregate,PC,0
BLS.Q.U2.ALL.GEA.E.Z.B3.ST.S.WFNET,Q,U2,ALL,GEA,E,Z,B3,ST,S,WFNET,2008-Q2,50.837566797118875,A,F,,,P3M,B,,,0,,Credit standards-Impact of general economic activity-Enterprise,Euro area (changing composition) - All banks - Question on Impact of general economic activity - contract counterpart Enterprise - Backward looking three months - domain of Credit standards Loan supply Weighted net percentage (tightened minus eased or reverse) based on the share of each country in the total loan outstanding amounts of the area aggregate,PC,0
BLS.Q.U2.ALL.GEA.E.Z.B3.ST.S.WFNET,Q,U2,ALL,GEA,E,Z,B3,ST,S,WFNET,2008-Q3,52.67654601156298,A,F,,,P3M,B,,,0,,Credit standards-Impact of general economic activity-Enterprise,Euro area (changing composition) - All banks - Question on Impact of general economic activity - contract counterpart Enterprise - Backward looking three months - domain of Credit standards Loan supply Weighted net percentage (tightened minus eased or reverse) based on the share of each country in the total loan outstanding amounts of the area aggregate,PC,0
BLS.Q.U2.ALL.GEA.E.Z.B3.ST.S.WFNET,Q,U2,ALL,GEA,E,Z,B3,ST,S,WFNET,2008-Q4,70.41548019231523,A,F,,,P3M,B,,,0,,Credit standards-Impact of general economic activity-Enterprise,Euro area (changing composition) - All banks - Question on Impact of general economic activity - contract counterpart Enterprise - Backward looking three months - domain of Credit standards Loan supply Weighted net percentage (tightened minus eased or reverse) based on the share of each country in the total loan outstanding amounts of the area aggregate,PC,0
BLS.Q.U2.ALL.GEA.E.Z.B3.ST.S.WFNET,Q,U2,ALL,GEA,E,Z,B3,ST,S,WFNET,2009-Q1,81.16991813946088,A,F,,,P3M,B,,,0,,Credit standards-Impact of general economic activity-Enterprise,Euro area (changing composition) - All banks - Question on Impact of general economic activity - contract counterpart Enterprise - Backward looking three months - domain of Credit standards Loan supply Weighted net percentage (tightened minus eased or reverse) based on the share of each country in the total loan outstanding amounts of the area aggregate,PC,0
BLS.Q.U2.ALL.GEA.E.Z.B3.ST.S.WFNET,Q,U2,ALL,GEA,E,Z,B3,ST,S,WFNET,2009-Q2,59.63927733534998,A,F,,,P3M,B,,,0,,Credit standards-Impact of general economic activity-Enterprise,Euro area (changing composition) - All banks - Question on Impact of general economic activity - contract counterpart Enterprise - Backward looking three months - domain of Credit standards Loan supply Weighted net percentage (tightened minus eased or reverse) based on the share of each country in the total loan outstanding amounts of the area aggregate,PC,0
BLS.Q.U2.ALL.GEA.E.Z.B3.ST.S.WFNET,Q,U2,ALL,GEA,E,Z,B3,ST,S,WFNET,2009-Q3,49.45559923307115,A,F,,,P3M,B,,,0,,Credit standards-Impact of general economic activity-Enterprise,Euro area (changing composition) - All banks - Question on Impact of general economic activity - contract counterpart Enterprise - Backward looking three months - domain of Credit standards Loan supply Weighted net percentage (tightened minus eased or reverse) based on the share of each country in the total loan outstanding amounts of the area aggregate,PC,0
BLS.Q.U2.ALL.GEA.E.Z.B3.ST.S.WFNET,Q,U2,ALL,GEA,E,Z,B3,ST,S,WFNET,2009-Q4,27.80504733795308,A,F,,,P3M,B,,,0,,Credit standards-Impact of general economic activity-Enterprise,Euro area (changing composition) - All banks - Question on Impact of general economic activity - contract counterpart Enterprise - Backward looking three months - domain of Credit standards Loan supply Weighted net percentage (tightened minus eased or reverse) based on the share of each country in the total loan outstanding amounts of the area aggregate,PC,0
BLS.Q.U2.ALL.GEA.E.Z.B3.ST.S.WFNET,Q,U2,ALL,GEA,E,Z,B3,ST,S,WFNET,2010-Q1,12.364528067989905,A,F,,,P3M,B,,,0,,Credit standards-Impact of general economic activity-Enterprise,Euro area (changing composition) - All banks - Question on Impact of general economic activity - contract counterpart Enterprise - Backward looking three months - domain of Credit standards Loan supply Weighted net percentage (tightened minus eased or reverse) based on the share of each country in the total loan outstanding amounts of the area aggregate,PC,0
BLS.Q.U2.ALL.GEA.E.Z.B3.ST.S.WFNET,Q,U2,ALL,GEA,E,Z,B3,ST,S,WFNET,2010-Q2,10.688369876742595,A,F,,,P3M,B,,,0,,Credit standards-Impact of general economic activity-Enterprise,Euro area (changing composition) - All banks - Question on Impact of general economic activity - contract counterpart Enterprise - Backward looking three months - domain of Credit standards Loan supply Weighted net percentage (tightened minus eased or reverse) based on the share of each country in the total loan outstanding amounts of the area aggregate,PC,0
BLS.Q.U2.ALL.GEA.E.Z.B3.ST.S.WFNET,Q,U2,ALL,GEA,E,Z,B3,ST,S,WFNET,2010-Q3,5.702903176309277,A,F,,,P3M,B,,,0,,Credit standards-Impact of general economic activity-Enterprise,Euro area (changing composition) - All banks - Question on Impact of general economic activity - contract counterpart Enterprise - Backward looking three months - domain of Credit standards Loan supply Weighted net percentage (tightened minus eased or reverse) based on the share of each country in the total loan outstanding amounts of the area aggregate,PC,0
BLS.Q.U2.ALL.GEA.E.Z.B3.ST.S.WFNET,Q,U2,ALL,GEA,E,Z,B3,ST,S,WFNET,2010-Q4,7.171986387300707,A,F,,,P3M,B,,,0,,Credit standards-Impact of general economic activity-Enterprise,Euro area (changing composition) - All banks - Question on Impact of general economic activity - contract counterpart Enterprise - Backward looking three months - domain of Credit standards Loan supply Weighted net percentage (tightened minus eased or reverse) based on the share of each country in the total loan outstanding amounts of the area aggregate,PC,0
BLS.Q.U2.ALL.GEA.E.Z.B3.ST.S.WFNET,Q,U2,ALL,GEA,E,Z,B3,ST,S,WFNET,2011-Q1,5.3655545961098365,A,F,,,P3M,B,,,0,,Credit standards-Impact of general economic activity-Enterprise,Euro area (changing composition) - All banks - Question on Impact of general economic activity - contract counterpart Enterprise - Backward looking three months - domain of Credit standards Loan supply Weighted net percentage (tightened minus eased or reverse) based on the share of each country in the total loan outstanding amounts of the area aggregate,PC,0
BLS.Q.U2.ALL.GEA.E.Z.B3.ST.S.WFNET,Q,U2,ALL,GEA,E,Z,B3,ST,S,WFNET,2011-Q2,4.770133079220245,A,F,,,P3M,B,,,0,,Credit standards-Impact of general economic activity-Enterprise,Euro area (changing composition) - All banks - Question on Impact of general economic activity - contract counterpart Enterprise - Backward looking three months - domain of Credit standards Loan supply Weighted net percentage (tightened minus eased or reverse) based on the share of each country in the total loan outstanding amounts of the area aggregate,PC,0
BLS.Q.U2.ALL.GEA.E.Z.B3.ST.S.WFNET,Q,U2,ALL,GEA,E,Z,B3,ST,S,WFNET,2011-Q3,10.852372491440585,A,F,,,P3M,B,,,0,,Credit standards-Impact of general economic activity-Enterprise,Euro area (changing composition) - All banks - Question on Impact of general economic activity - contract counterpart Enterprise - Backward looking three months - domain of Credit standards Loan supply Weighted net percentage (tightened minus eased or reverse) based on the share of each country in the total loan outstanding amounts of the area aggregate,PC,0
BLS.Q.U2.ALL.GEA.E.Z.B3.ST.S.WFNET,Q,U2,ALL,GEA,E,Z,B3,ST,S,WFNET,2011-Q4,17.199033387929898,A,F,,,P3M,B,,,0,,Credit standards-Impact of general economic activity-Enterprise,Euro area (changing composition) - All banks - Question on Impact of general economic activity - contract counterpart Enterprise - Backward looking three months - domain of Credit standards Loan supply Weighted net percentage (tightened minus eased or reverse) based on the share of each country in the total loan outstanding amounts of the area aggregate,PC,0
BLS.Q.U2.ALL.GEA.E.Z.B3.ST.S.WFNET,Q,U2,ALL,GEA,E,Z,B3,ST,S,WFNET,2012-Q1,41.71692781942184,A,F,,,P3M,B,,,0,,Credit standards-Impact of general economic activity-Enterprise,Euro area (changing composition) - All banks - Question on Impact of general economic activity - contract counterpart Enterprise - Backward looking three months - domain of Credit standards Loan supply Weighted net percentage (tightened minus eased or reverse) based on the share of each country in the total loan outstanding amounts of the area aggregate,PC,0
BLS.Q.U2.ALL.GEA.E.Z.B3.ST.S.WFNET,Q,U2,ALL,GEA,E,Z,B3,ST,S,WFNET,2012-Q2,17.017220242552863,A,F,,,P3M,B,,,0,,Credit standards-Impact of general economic activity-Enterprise,Euro area (changing composition) - All banks - Question on Impact of general economic activity - contract counterpart Enterprise - Backward looking three months - domain of Credit standards Loan supply Weighted net percentage (tightened minus eased or reverse) based on the share of each country in the total loan outstanding amounts of the area aggregate,PC,0
BLS.Q.U2.ALL.GEA.E.Z.B3.ST.S.WFNET,Q,U2,ALL,GEA,E,Z,B3,ST,S,WFNET,2012-Q3,22.670088815603627,A,F,,,P3M,B,,,0,,Credit standards-Impact of general economic activity-Enterprise,Euro area (changing composition) - All banks - Question on Impact of general economic activity - contract counterpart Enterprise - Backward looking three months - domain of Credit standards Loan supply Weighted net percentage (tightened minus eased or reverse) based on the share of each country in the total loan outstanding amounts of the area aggregate,PC,0
BLS.Q.U2.ALL.GEA.E.Z.B3.ST.S.WFNET,Q,U2,ALL,GEA,E,Z,B3,ST,S,WFNET,2012-Q4,29.65916367234219,A,F,,,P3M,B,,,0,,Credit standards-Impact of general economic activity-Enterprise,Euro area (changing composition) - All banks - Question on Impact of general economic activity - contract counterpart Enterprise - Backward looking three months - domain of Credit standards Loan supply Weighted net percentage (tightened minus eased or reverse) based on the share of each country in the total loan outstanding amounts of the area aggregate,PC,0
BLS.Q.U2.ALL.GEA.E.Z.B3.ST.S.WFNET,Q,U2,ALL,GEA,E,Z,B3,ST,S,WFNET,2013-Q1,27.120127516539625,A,F,,,P3M,B,,,0,,Credit standards-Impact of general economic activity-Enterprise,Euro area (changing composition) - All banks - Question on Impact of general economic activity - contract counterpart Enterprise - Backward looking three months - domain of Credit standards Loan supply Weighted net percentage (tightened minus eased or reverse) based on the share of each country in the total loan outstanding amounts of the area aggregate,PC,0
BLS.Q.U2.ALL.GEA.E.Z.B3.ST.S.WFNET,Q,U2,ALL,GEA,E,Z,B3,ST,S,WFNET,2013-Q2,17.790044550799895,A,F,,,P3M,B,,,0,,Credit standards-Impact of general economic activity-Enterprise,Euro area (changing composition) - All banks - Question on Impact of general economic activity - contract counterpart Enterprise - Backward looking three months - domain of Credit standards Loan supply Weighted net percentage (tightened minus eased or reverse) based on the share of each country in the total loan outstanding amounts of the area aggregate,PC,0
BLS.Q.U2.ALL.GEA.E.Z.B3.ST.S.WFNET,Q,U2,ALL,GEA,E,Z,B3,ST,S,WFNET,2013-Q3,13.465482684083801,A,F,,,P3M,B,,,0,,Credit standards-Impact of general economic activity-Enterprise,Euro area (changing composition) - All banks - Question on Impact of general economic activity - contract counterpart Enterprise - Backward looking three months - domain of Credit standards Loan supply Weighted net percentage (tightened minus eased or reverse) based on the share of each country in the total loan outstanding amounts of the area aggregate,PC,0
BLS.Q.U2.ALL.GEA.E.Z.B3.ST.S.WFNET,Q,U2,ALL,GEA,E,Z,B3,ST,S,WFNET,2013-Q4,3.8207038745536095,A,F,,,P3M,B,,,0,,Credit standards-Impact of general economic activity-Enterprise,Euro area (changing composition) - All banks - Question on Impact of general economic activity - contract counterpart Enterprise - Backward looking three months - domain of Credit standards Loan supply Weighted net percentage (tightened minus eased or reverse) based on the share of each country in the total loan outstanding amounts of the area aggregate,PC,0
BLS.Q.U2.ALL.GEA.E.Z.B3.ST.S.WFNET,Q,U2,ALL,GEA,E,Z,B3,ST,S,WFNET,2014-Q1,1.3592915078044256,A,F,,,P3M,B,,,0,,Credit standards-Impact of general economic activity-Enterprise,Euro area (changing composition) - All banks - Question on Impact of general economic activity - contract counterpart Enterprise - Backward looking three months - domain of Credit standards Loan supply Weighted net percentage (tightened minus eased or reverse) based on the share of each country in the total loan outstanding amounts of the area aggregate,PC,0
BLS.Q.U2.ALL.GEA.E.Z.B3.ST.S.WFNET,Q,U2,ALL,GEA,E,Z,B3,ST,S,WFNET,2014-Q2,-6.380535889667431,A,F,,,P3M,B,,,0,,Credit standards-Impact of general economic activity-Enterprise,Euro area (changing composition) - All banks - Question on Impact of general economic activity - contract counterpart Enterprise - Backward looking three months - domain of Credit standards Loan supply Weighted net percentage (tightened minus eased or reverse) based on the share of each country in the total loan outstanding amounts of the area aggregate,PC,0
BLS.Q.U2.ALL.GEA.E.Z.B3.ST.S.WFNET,Q,U2,ALL,GEA,E,Z,B3,ST,S,WFNET,2014-Q3,-6.380338131960193,A,F,,,P3M,B,,,0,,Credit standards-Impact of general economic activity-Enterprise,Euro area (changing composition) - All banks - Question on Impact of general economic activity - contract counterpart Enterprise - Backward looking three months - domain of Credit standards Loan supply Weighted net percentage (tightened minus eased or reverse) based on the share of each country in the total loan outstanding amounts of the area aggregate,PC,0
BLS.Q.U2.ALL.GEA.E.Z.B3.ST.S.WFNET,Q,U2,ALL,GEA,E,Z,B3,ST,S,WFNET,2014-Q4,0.8566445598631576,A,F,,,P3M,B,,,0,,Credit standards-Impact of general economic activity-Enterprise,Euro area (changing composition) - All banks - Question on Impact of general economic activity - contract counterpart Enterprise - Backward looking three months - domain of Credit standards Loan supply Weighted net percentage (tightened minus eased or reverse) based on the share of each country in the total loan outstanding amounts of the area aggregate,PC,0
BLS.Q.U2.ALL.GEA.E.Z.B3.ST.S.WFNET,Q,U2,ALL,GEA,E,Z,B3,ST,S,WFNET,2015-Q1,-0.8729606449938349,A,F,,,P3M,B,,,0,,Credit standards-Impact of general economic activity-Enterprise,Euro area (changing composition) - All banks - Question on Impact of general economic activity - contract counterpart Enterprise - Backward looking three months - domain of Credit standards Loan supply Weighted net percentage (tightened minus eased or reverse) based on the share of each country in the total loan outstanding amounts of the area aggregate,PC,0
BLS.Q.U2.ALL.GEA.E.Z.B3.ST.S.WFNET,Q,U2,ALL,GEA,E,Z,B3,ST,S,WFNET,2015-Q2,0.15137831017590755,A,F,,,P3M,B,,,0,,Credit standards-Impact of general economic activity-Enterprise,Euro area (changing composition) - All banks - Question on Impact of general economic activity - contract counterpart Enterprise - Backward looking three months - domain of Credit standards Loan supply Weighted net percentage (tightened minus eased or reverse) based on the share of each country in the total loan outstanding amounts of the area aggregate,PC,0
BLS.Q.U2.ALL.GEA.E.Z.B3.ST.S.WFNET,Q,U2,ALL,GEA,E,Z,B3,ST,S,WFNET,2015-Q3,-5.1094194672532955,A,F,,,P3M,B,,,0,,Credit standards-Impact of general economic activity-Enterprise,Euro area (changing composition) - All banks - Question on Impact of general economic activity - contract counterpart Enterprise - Backward looking three months - domain of Credit standards Loan supply Weighted net percentage (tightened minus eased or reverse) based on the share of each country in the total loan outstanding amounts of the area aggregate,PC,0
BLS.Q.U2.ALL.GEA.E.Z.B3.ST.S.WFNET,Q,U2,ALL,GEA,E,Z,B3,ST,S,WFNET,2015-Q4,-3.04441342749137,A,F,,,P3M,B,,,0,,Credit standards-Impact of general economic activity-Enterprise,Euro area (changing composition) - All banks - Question on Impact of general economic activity - contract counterpart Enterprise - Backward looking three months - domain of Credit standards Loan supply Weighted net percentage (tightened minus eased or reverse) based on the share of each country in the total loan outstanding amounts of the area aggregate,PC,0
BLS.Q.U2.ALL.GEA.E.Z.B3.ST.S.WFNET,Q,U2,ALL,GEA,E,Z,B3,ST,S,WFNET,2016-Q1,-3.593907941557334,A,F,,,P3M,B,,,0,,Credit standards-Impact of general economic activity-Enterprise,Euro area (changing composition) - All banks - Question on Impact of general economic activity - contract counterpart Enterprise - Backward looking three months - domain of Credit standards Loan supply Weighted net percentage (tightened minus eased or reverse) based on the share of each country in the total loan outstanding amounts of the area aggregate,PC,0
BLS.Q.U2.ALL.GEA.E.Z.B3.ST.S.WFNET,Q,U2,ALL,GEA,E,Z,B3,ST,S,WFNET,2016-Q2,-1.9536071681456706,A,F,,,P3M,B,,,0,,Credit standards-Impact of general economic activity-Enterprise,Euro area (changing composition) - All banks - Question on Impact of general economic activity - contract counterpart Enterprise - Backward looking three months - domain of Credit standards Loan supply Weighted net percentage (tightened minus eased or reverse) based on the share of each country in the total loan outstanding amounts of the area aggregate,PC,0
BLS.Q.U2.ALL.GEA.E.Z.B3.ST.S.WFNET,Q,U2,ALL,GEA,E,Z,B3,ST,S,WFNET,2016-Q3,-3.586101278186213,A,F,,,P3M,B,,,0,,Credit standards-Impact of general economic activity-Enterprise,Euro area (changing composition) - All banks - Question on Impact of general economic activity - contract counterpart Enterprise - Backward looking three months - domain of Credit standards Loan supply Weighted net percentage (tightened minus eased or reverse) based on the share of each country in the total loan outstanding amounts of the area aggregate,PC,0
BLS.Q.U2.ALL.GEA.E.Z.B3.ST.S.WFNET,Q,U2,ALL,GEA,E,Z,B3,ST,S,WFNET,2016-Q4,-3.3851151339802854,A,F,,,P3M,B,,,0,,Credit standards-Impact of general economic activity-Enterprise,Euro area (changing composition) - All banks - Question on Impact of general economic activity - contract counterpart Enterprise - Backward looking three months - domain of Credit standards Loan supply Weighted net percentage (tightened minus eased or reverse) based on the share of each country in the total loan outstanding amounts of the area aggregate,PC,0
BLS.Q.U2.ALL.GEA.E.Z.B3.ST.S.WFNET,Q,U2,ALL,GEA,E,Z,B3,ST,S,WFNET,2017-Q1,1.4524775329644268,A,F,,,P3M,B,,,0,,Credit standards-Impact of general economic activity-Enterprise,Euro area (changing composition) - All banks - Question on Impact of general economic activity - contract counterpart Enterprise - Backward looking three months - domain of Credit standards Loan supply Weighted net percentage (tightened minus eased or reverse) based on the share of each country in the total loan outstanding amounts of the area aggregate,PC,0
BLS.Q.U2.ALL.GEA.E.Z.B3.ST.S.WFNET,Q,U2,ALL,GEA,E,Z,B3,ST,S,WFNET,2017-Q2,1.1423143485737886,A,F,,,P3M,B,,,0,,Credit standards-Impact of general economic activity-Enterprise,Euro area (changing composition) - All banks - Question on Impact of general economic activity - contract counterpart Enterprise - Backward looking three months - domain of Credit standards Loan supply Weighted net percentage (tightened minus eased or reverse) based on the share of each country in the total loan outstanding amounts of the area aggregate,PC,0
BLS.Q.U2.ALL.GEA.E.Z.B3.ST.S.WFNET,Q,U2,ALL,GEA,E,Z,B3,ST,S,WFNET,2017-Q3,-3.745361361701859,A,F,,,P3M,B,,,0,,Credit standards-Impact of general economic activity-Enterprise,Euro area (changing composition) - All banks - Question on Impact of general economic activity - contract counterpart Enterprise - Backward looking three months - domain of Credit standards Loan supply Weighted net percentage (tightened minus eased or reverse) based on the share of each country in the total loan outstanding amounts of the area aggregate,PC,0
BLS.Q.U2.ALL.GEA.E.Z.B3.ST.S.WFNET,Q,U2,ALL,GEA,E,Z,B3,ST,S,WFNET,2017-Q4,-3.968055424441577,A,F,,,P3M,B,,,0,,Credit standards-Impact of general economic activity-Enterprise,Euro area (changing composition) - All banks - Question on Impact of general economic activity - contract counterpart Enterprise - Backward looking three months - domain of Credit standards Loan supply Weighted net percentage (tightened minus eased or reverse) based on the share of each country in the total loan outstanding amounts of the area aggregate,PC,0
BLS.Q.U2.ALL.GEA.E.Z.B3.ST.S.WFNET,Q,U2,ALL,GEA,E,Z,B3,ST,S,WFNET,2018-Q1,-4.7168757089298055,A,F,,,P3M,B,,,0,,Credit standards-Impact of general economic activity-Enterprise,Euro area (changing composition) - All banks - Question on Impact of general economic activity - contract counterpart Enterprise - Backward looking three months - domain of Credit standards Loan supply Weighted net percentage (tightened minus eased or reverse) based on the share of each country in the total loan outstanding amounts of the area aggregate,PC,0
BLS.Q.U2.ALL.GEA.E.Z.B3.ST.S.WFNET,Q,U2,ALL,GEA,E,Z,B3,ST,S,WFNET,2018-Q2,-6.0153591336130985,A,F,,,P3M,B,,,0,,Credit standards-Impact of general economic activity-Enterprise,Euro area (changing composition) - All banks - Question on Impact of general economic activity - contract counterpart Enterprise - Backward looking three months - domain of Credit standards Loan supply Weighted net percentage (tightened minus eased or reverse) based on the share of each country in the total loan outstanding amounts of the area aggregate,PC,0
BLS.Q.U2.ALL.GEA.E.Z.B3.ST.S.WFNET,Q,U2,ALL,GEA,E,Z,B3,ST,S,WFNET,2018-Q3,-3.7893011971416986,A,F,,,P3M,B,,,0,,Credit standards-Impact of general economic activity-Enterprise,Euro area (changing composition) - All banks - Question on Impact of general economic activity - contract counterpart Enterprise - Backward looking three months - domain of Credit standards Loan supply Weighted net percentage (tightened minus eased or reverse) based on the share of each country in the total loan outstanding amounts of the area aggregate,PC,0
BLS.Q.U2.ALL.GEA.E.Z.B3.ST.S.WFNET,Q,U2,ALL,GEA,E,Z,B3,ST,S,WFNET,2018-Q4,-2.8239522547544644,A,F,,,P3M,B,,,0,,Credit standards-Impact of general economic activity-Enterprise,Euro area (changing composition) - All banks - Question on Impact of general economic activity - contract counterpart Enterprise - Backward looking three months - domain of Credit standards Loan supply Weighted net percentage (tightened minus eased or reverse) based on the share of each country in the total loan outstanding amounts of the area aggregate,PC,0
BLS.Q.U2.ALL.GEA.E.Z.B3.ST.S.WFNET,Q,U2,ALL,GEA,E,Z,B3,ST,S,WFNET,2019-Q1,3.4588153048917745,A,F,,,P3M,B,,,0,,Credit standards-Impact of general economic activity-Enterprise,Euro area (changing composition) - All banks - Question on Impact of general economic activity - contract counterpart Enterprise - Backward looking three months - domain of Credit standards Loan supply Weighted net percentage (tightened minus eased or reverse) based on the share of each country in the total loan outstanding amounts of the area aggregate,PC,0
BLS.Q.U2.ALL.GEA.E.Z.B3.ST.S.WFNET,Q,U2,ALL,GEA,E,Z,B3,ST,S,WFNET,2019-Q2,6.591082233852185,A,F,,,P3M,B,,,0,,Credit standards-Impact of general economic activity-Enterprise,Euro area (changing composition) - All banks - Question on Impact of general economic activity - contract counterpart Enterprise - Backward looking three months - domain of Credit standards Loan supply Weighted net percentage (tightened minus eased or reverse) based on the share of each country in the total loan outstanding amounts of the area aggregate,PC,0
BLS.Q.U2.ALL.GEA.E.Z.B3.ST.S.WFNET,Q,U2,ALL,GEA,E,Z,B3,ST,S,WFNET,2019-Q3,7.249023042855789,A,F,,,P3M,B,,,0,,Credit standards-Impact of general economic activity-Enterprise,Euro area (changing composition) - All banks - Question on Impact of general economic activity - contract counterpart Enterprise - Backward looking three months - domain of Credit standards Loan supply Weighted net percentage (tightened minus eased or reverse) based on the share of each country in the total loan outstanding amounts of the area aggregate,PC,0
BLS.Q.U2.ALL.GEA.E.Z.B3.ST.S.WFNET,Q,U2,ALL,GEA,E,Z,B3,ST,S,WFNET,2019-Q4,10.197308307616318,A,F,,,P3M,B,,,0,,Credit standards-Impact of general economic activity-Enterprise,Euro area (changing composition) - All banks - Question on Impact of general economic activity - contract counterpart Enterprise - Backward looking three months - domain of Credit standards Loan supply Weighted net percentage (tightened minus eased or reverse) based on the share of each country in the total loan outstanding amounts of the area aggregate,PC,0
BLS.Q.U2.ALL.GEA.E.Z.B3.ST.S.WFNET,Q,U2,ALL,GEA,E,Z,B3,ST,S,WFNET,2020-Q1,13.659288422971795,A,F,,,P3M,B,,,0,,Credit standards-Impact of general economic activity-Enterprise,Euro area (changing composition) - All banks - Question on Impact of general economic activity - contract counterpart Enterprise - Backward looking three months - domain of Credit standards Loan supply Weighted net percentage (tightened minus eased or reverse) based on the share of each country in the total loan outstanding amounts of the area aggregate,PC,0
BLS.Q.U2.ALL.GEA.E.Z.B3.ST.S.WFNET,Q,U2,ALL,GEA,E,Z,B3,ST,S,WFNET,2020-Q2,26.45024392807209,A,F,,,P3M,B,,,0,,Credit standards-Impact of general economic activity-Enterprise,Euro area (changing composition) - All banks - Question on Impact of general economic activity - contract counterpart Enterprise - Backward looking three months - domain of Credit standards Loan supply Weighted net percentage (tightened minus eased or reverse) based on the share of each country in the total loan outstanding amounts of the area aggregate,PC,0
BLS.Q.U2.ALL.GEA.E.Z.B3.ST.S.WFNET,Q,U2,ALL,GEA,E,Z,B3,ST,S,WFNET,2020-Q3,23.533847654912915,A,F,,,P3M,B,,,0,,Credit standards-Impact of general economic activity-Enterprise,Euro area (changing composition) - All banks - Question on Impact of general economic activity - contract counterpart Enterprise - Backward looking three months - domain of Credit standards Loan supply Weighted net percentage (tightened minus eased or reverse) based on the share of each country in the total loan outstanding amounts of the area aggregate,PC,0
BLS.Q.U2.ALL.GEA.E.Z.B3.ST.S.WFNET,Q,U2,ALL,GEA,E,Z,B3,ST,S,WFNET,2020-Q4,26.419682682769558,A,F,,,P3M,B,,,0,,Credit standards-Impact of general economic activity-Enterprise,Euro area (changing composition) - All banks - Question on Impact of general economic activity - contract counterpart Enterprise - Backward looking three months - domain of Credit standards Loan supply Weighted net percentage (tightened minus eased or reverse) based on the share of each country in the total loan outstanding amounts of the area aggregate,PC,0
BLS.Q.U2.ALL.GEA.E.Z.B3.ST.S.WFNET,Q,U2,ALL,GEA,E,Z,B3,ST,S,WFNET,2021-Q1,23.41905140399437,A,F,,,P3M,B,,,0,,Credit standards-Impact of general economic activity-Enterprise,Euro area (changing composition) - All banks - Question on Impact of general economic activity - contract counterpart Enterprise - Backward looking three months - domain of Credit standards Loan supply Weighted net percentage (tightened minus eased or reverse) based on the share of each country in the total loan outstanding amounts of the area aggregate,PC,0
BLS.Q.U2.ALL.GEA.E.Z.B3.ST.S.WFNET,Q,U2,ALL,GEA,E,Z,B3,ST,S,WFNET,2021-Q2,7.531222254478006,A,F,,,P3M,B,,,0,,Credit standards-Impact of general economic activity-Enterprise,Euro area (changing composition) - All banks - Question on Impact of general economic activity - contract counterpart Enterprise - Backward looking three months - domain of Credit standards Loan supply Weighted net percentage (tightened minus eased or reverse) based on the share of each country in the total loan outstanding amounts of the area aggregate,PC,0
BLS.Q.U2.ALL.GEA.E.Z.B3.ST.S.WFNET,Q,U2,ALL,GEA,E,Z,B3,ST,S,WFNET,2021-Q3,-1.1056080527294203,A,F,,,P3M,B,,,0,,Credit standards-Impact of general economic activity-Enterprise,Euro area (changing composition) - All banks - Question on Impact of general economic activity - contract counterpart Enterprise - Backward looking three months - domain of Credit standards Loan supply Weighted net percentage (tightened minus eased or reverse) based on the share of each country in the total loan outstanding amounts of the area aggregate,PC,0
BLS.Q.U2.ALL.GEA.E.Z.B3.ST.S.WFNET,Q,U2,ALL,GEA,E,Z,B3,ST,S,WFNET,2021-Q4,-4.812085125756149,A,F,,,P3M,B,,,0,,Credit standards-Impact of general economic activity-Enterprise,Euro area (changing composition) - All banks - Question on Impact of general economic activity - contract counterpart Enterprise - Backward looking three months - domain of Credit standards Loan supply Weighted net percentage (tightened minus eased or reverse) based on the share of each country in the total loan outstanding amounts of the area aggregate,PC,0
BLS.Q.U2.ALL.GEA.E.Z.B3.ST.S.WFNET,Q,U2,ALL,GEA,E,Z,B3,ST,S,WFNET,2022-Q1,-3.615213354955665,A,F,,,P3M,B,,,0,,Credit standards-Impact of general economic activity-Enterprise,Euro area (changing composition) - All banks - Question on Impact of general economic activity - contract counterpart Enterprise - Backward looking three months - domain of Credit standards Loan supply Weighted net percentage (tightened minus eased or reverse) based on the share of each country in the total loan outstanding amounts of the area aggregate,PC,0
BLS.Q.U2.ALL.GEA.E.Z.B3.ST.S.WFNET,Q,U2,ALL,GEA,E,Z,B3,ST,S,WFNET,2022-Q2,8.711701958655468,A,F,,,P3M,B,,,0,,Credit standards-Impact of general economic activity-Enterprise,Euro area (changing composition) - All banks - Question on Impact of general economic activity - contract counterpart Enterprise - Backward looking three months - domain of Credit standards Loan supply Weighted net percentage (tightened minus eased or reverse) based on the share of each country in the total loan outstanding amounts of the area aggregate,PC,0
BLS.Q.U2.ALL.GEA.E.Z.B3.ST.S.WFNET,Q,U2,ALL,GEA,E,Z,B3,ST,S,WFNET,2022-Q3,23.7921118862292,A,F,,,P3M,B,,,0,,Credit standards-Impact of general economic activity-Enterprise,Euro area (changing composition) - All banks - Question on Impact of general economic activity - contract counterpart Enterprise - Backward looking three months - domain of Credit standards Loan supply Weighted net percentage (tightened minus eased or reverse) based on the share of each country in the total loan outstanding amounts of the area aggregate,PC,0
BLS.Q.U2.ALL.GEA.E.Z.B3.ST.S.WFNET,Q,U2,ALL,GEA,E,Z,B3,ST,S,WFNET,2022-Q4,29.9043513146182,A,F,,,P3M,B,,,0,,Credit standards-Impact of general economic activity-Enterprise,Euro area (changing composition) - All banks - Question on Impact of general economic activity - contract counterpart Enterprise - Backward looking three months - domain of Credit standards Loan supply Weighted net percentage (tightened minus eased or reverse) based on the share of each country in the total loan outstanding amounts of the area aggregate,PC,0
BLS.Q.U2.ALL.GEA.E.Z.B3.ST.S.WFNET,Q,U2,ALL,GEA,E,Z,B3,ST,S,WFNET,2023-Q1,25.847003420985,A,F,,,P3M,B,,,0,,Credit standards-Impact of general economic activity-Enterprise,Euro area (changing composition) - All banks - Question on Impact of general economic activity - contract counterpart Enterprise - Backward looking three months - domain of Credit standards Loan supply Weighted net percentage (tightened minus eased or reverse) based on the share of each country in the total loan outstanding amounts of the area aggregate,PC,0
BLS.Q.U2.ALL.GEA.E.Z.B3.ST.S.WFNET,Q,U2,ALL,GEA,E,Z,B3,ST,S,WFNET,2023-Q2,21.319097380603818,A,F,,,P3M,B,,,0,,Credit standards-Impact of general economic activity-Enterprise,Euro area (changing composition) - All banks - Question on Impact of general economic activity - contract counterpart Enterprise - Backward looking three months - domain of Credit standards Loan supply Weighted net percentage (tightened minus eased or reverse) based on the share of each country in the total loan outstanding amounts of the area aggregate,PC,0
BLS.Q.U2.ALL.GEA.E.Z.B3.ST.S.WFNET,Q,U2,ALL,GEA,E,Z,B3,ST,S,WFNET,2023-Q3,17.04771833286645,A,F,,,P3M,B,,,0,,Credit standards-Impact of general economic activity-Enterprise,Euro area (changing composition) - All banks - Question on Impact of general economic activity - contract counterpart Enterprise - Backward looking three months - domain of Credit standards Loan supply Weighted net percentage (tightened minus eased or reverse) based on the share of each country in the total loan outstanding amounts of the area aggregate,PC,0
BLS.Q.U2.ALL.GEA.E.Z.B3.ST.S.WFNET,Q,U2,ALL,GEA,E,Z,B3,ST,S,WFNET,2023-Q4,12.334826328304574,A,F,,,P3M,B,,,0,,Credit standards-Impact of general economic activity-Enterprise,Euro area (changing composition) - All banks - Question on Impact of general economic activity - contract counterpart Enterprise - Backward looking three months - domain of Credit standards Loan supply Weighted net percentage (tightened minus eased or reverse) based on the share of each country in the total loan outstanding amounts of the area aggregate,PC,0
BLS.Q.U2.ALL.GEA.E.Z.B3.ST.S.WFNET,Q,U2,ALL,GEA,E,Z,B3,ST,S,WFNET,2024-Q1,10.158096181591608,A,,,,P3M,B,,,0,,Credit standards-Impact of general economic activity-Enterprise,Euro area (changing composition) - All banks - Question on Impact of general economic activity - contract counterpart Enterprise - Backward looking three months - domain of Credit standards Loan supply Weighted net percentage (tightened minus eased or reverse) based on the share of each country in the total loan outstanding amounts of the area aggregate,PC,0
BLS.Q.U2.ALL.GEA.E.Z.B3.ST.S.WFNET,Q,U2,ALL,GEA,E,Z,B3,ST,S,WFNET,2024-Q2,6.317833523758923,A,,,,P3M,B,,,0,,Credit standards-Impact of general economic activity-Enterprise,Euro area (changing composition) - All banks - Question on Impact of general economic activity - contract counterpart Enterprise - Backward looking three months - domain of Credit standards Loan supply Weighted net percentage (tightened minus eased or reverse) based on the share of each country in the total loan outstanding amounts of the area aggregate,PC,0
BLS.Q.U2.ALL.GEA.E.Z.B3.ST.S.WFNET,Q,U2,ALL,GEA,E,Z,B3,ST,S,WFNET,2024-Q3,1.9887994305286911,A,,,,P3M,B,,,0,,Credit standards-Impact of general economic activity-Enterprise,Euro area (changing composition) - All banks - Question on Impact of general economic activity - contract counterpart Enterprise - Backward looking three months - domain of Credit standards Loan supply Weighted net percentage (tightened minus eased or reverse) based on the share of each country in the total loan outstanding amounts of the area aggregate,PC,0
BLS.Q.U2.ALL.GEA.E.Z.B3.ST.S.WFNET,Q,U2,ALL,GEA,E,Z,B3,ST,S,WFNET,2024-Q4,3.046255045700516,A,,,,P3M,B,,,0,,Credit standards-Impact of general economic activity-Enterprise,Euro area (changing composition) - All banks - Question on Impact of general economic activity - contract counterpart Enterprise - Backward looking three months - domain of Credit standards Loan supply Weighted net percentage (tightened minus eased or reverse) based on the share of each country in the total loan outstanding amounts of the area aggregate,PC,0
BLS.Q.U2.ALL.GEA.E.Z.B3.ST.S.WFNET,Q,U2,ALL,GEA,E,Z,B3,ST,S,WFNET,2025-Q1,14.48565330747546,A,,,,P3M,B,,,0,,Credit standards-Impact of general economic activity-Enterprise,Euro area (changing composition) - All banks - Question on Impact of general economic activity - contract counterpart Enterprise - Backward looking three months - domain of Credit standards Loan supply Weighted net percentage (tightened minus eased or reverse) based on the share of each country in the total loan outstanding amounts of the area aggregate,PC,0
BLS.Q.U2.ALL.GEA.E.Z.B3.ST.S.WFNET,Q,U2,ALL,GEA,E,Z,B3,ST,S,WFNET,2025-Q2,9.23637254493226,A,,,,P3M,B,,,0,,Credit standards-Impact of general economic activity-Enterprise,Euro area (changing composition) - All banks - Question on Impact of general economic activity - contract counterpart Enterprise - Backward looking three months - domain of Credit standards Loan supply Weighted net percentage (tightened minus eased or reverse) based on the share of each country in the total loan outstanding amounts of the area aggregate,PC,0
BLS.Q.U2.ALL.GEA.E.Z.B3.ST.S.WFNET,Q,U2,ALL,GEA,E,Z,B3,ST,S,WFNET,2025-Q3,6.8239093135512885,A,,,,P3M,B,,,0,,Credit standards-Impact of general economic activity-Enterprise,Euro area (changing composition) - All banks - Question on Impact of general economic activity - contract counterpart Enterprise - Backward looking three months - domain of Credit standards Loan supply Weighted net percentage (tightened minus eased or reverse) based on the share of each country in the total loan outstanding amounts of the area aggregate,PC,0
BLS.Q.U2.ALL.GEA.E.Z.B3.ST.S.WFNET,Q,U2,ALL,GEA,E,Z,B3,ST,S,WFNET,2025-Q4,2.8906492839162095,A,,,,P3M,B,,,0,,Credit standards-Impact of general economic activity-Enterprise,Euro area (changing composition) - All banks - Question on Impact of general economic activity - contract counterpart Enterprise - Backward looking three months - domain of Credit standards Loan supply Weighted net percentage (tightened minus eased or reverse) based on the share of each country in the total loan outstanding amounts of the area aggregate,PC,0
BLS.Q.U2.ALL.GEA.E.Z.B3.ST.S.WFNET,Q,U2,ALL,GEA,E,Z,B3,ST,S,WFNET,2026-Q1,6.648955783175514,A,,,,P3M,B,,,0,,Credit standards-Impact of general economic activity-Enterprise,Euro area (changing composition) - All banks - Question on Impact of general economic activity - contract counterpart Enterprise - Backward looking three months - domain of Credit standards Loan supply Weighted net percentage (tightened minus eased or reverse) based on the share of each country in the total loan outstanding amounts of the area aggregate,PC,0
BLS.Q.U2.ALL.GEA.E.Z.B3.ST.S.WFNET,Q,U2,ALL,GEA,E,Z,B3,ST,S,WFNET,2026-Q2,11.967655487161913,A,,,,P3M,B,,,0,,Credit standards-Impact of general economic activity-Enterprise,Euro area (changing composition) - All banks - Question on Impact of general economic activity - contract counterpart Enterprise - Backward looking three months - domain of Credit standards Loan supply Weighted net percentage (tightened minus eased or reverse) based on the share of each country in the total loan outstanding amounts of the area aggregate,PC,0

